Objective,Arch,Prompt,Model,Scenario,Seed,Run,llm_calls,json_generation_failures,llm_missing_or_invalid_actions,charging_station_utilization_rate,elapsed_seconds,steps to first delivery,total deliveries,total steps,deliveries_per_1000_steps,llm_calls_per_1000_steps,llm_calls_per_delivery,invalid_action_rate,json_failure_rate,summary_json_path
Battery,Centralized,Natural,mistral 7b,tiny_balanced_1v1,0,session_cps_20260728,842,0,274,0.24504158669225848,2901.9425506591797,309,5,1563,3.198976327575176,538.7076135636596,168.4,0.3254156769596199,0,Battery-TA-RWARE/results/battery/centralized/natural/session_cps_20260728/mistral_7b/tiny_balanced_1v1/language/summary.json
Battery,Centralized,Natural,mistral 7b,small_balanced_2v2,0,session_cps_20260728,372,0,31,0.1127556512378902,1348.9710900783539,429,1,929,1.0764262648008611,400.43057050592034,372,0.08333333333333333,0,Battery-TA-RWARE/results/battery/centralized/natural/session_cps_20260728/mistral_7b/small_balanced_2v2/language/summary.json
Battery,Centralized,Natural,mistral 7b,small_agv_heavy_4v2,0,session_cps_20260728,1082,0,211,0.13528254649499286,4566.66118812561,69,13,1864,6.9742489270386265,580.4721030042919,83.23076923076923,0.19500924214417745,0,Battery-TA-RWARE/results/battery/centralized/natural/session_cps_20260728/mistral_7b/small_agv_heavy_4v2/language/summary.json
Battery,Centralized,Natural,mistral 7b,small_picker_heavy_2v4,0,session_cps_20260728,522,0,260,0.319868342309994,2840.745364665985,57,1,557,1.7953321364452424,937.1633752244165,522,0.49808429118773945,0,Battery-TA-RWARE/results/battery/centralized/natural/session_cps_20260728/mistral_7b/small_picker_heavy_2v4/language/summary.json
Battery,Centralized,Natural,mistral 7b,medium_balanced_4v4,0,session_cps_20260728,1659,0,498,0.1770317145688801,9582.021967411041,101,12,2018,5.946481665014867,822.1010901883053,138.25,0.30018083182640143,0,Battery-TA-RWARE/results/battery/centralized/natural/session_cps_20260728/mistral_7b/medium_balanced_4v4/language/summary.json
Battery,Centralized,Natural,mistral 7b,medium_agv_heavy_6v2,0,session_cps_20260728,976,0,132,0.09969473007712082,4847.992231369019,33,11,1556,7.069408740359897,627.2493573264782,88.72727272727273,0.13524590163934427,0,Battery-TA-RWARE/results/battery/centralized/natural/session_cps_20260728/mistral_7b/medium_agv_heavy_6v2/language/summary.json
Calls,Centralized,Json,llama 1b (3.2),small_picker_heavy_2v4,0,session_llama1smallpicker,483,10,10,0,2818.34566116333,,0,500,0,966,,0.020703933747412008,0.020703933747412008,Battery-TA-RWARE/results/calls/centralized/json/session_llama1smallpicker/llama3.2_1b/small_picker_heavy_2v4/json/summary.json
Calls,Centralized,Json,mistral 7b,small_picker_heavy_2v4,0,session_llama1smallpicker,1697,2,33,0.20868347338935575,7910.526213169098,47,12,2023,5.931784478497281,838.8531883341572,141.41666666666666,0.019446081319976428,0.0011785503830288745,Battery-TA-RWARE/results/calls/centralized/json/session_llama1smallpicker/mistral_7b/small_picker_heavy_2v4/json/summary.json
Battery + Shelf,Centralized,Json,gemma 12b,tiny_balanced_1v1,0,session_obj1_centralized_json_gemma3_12b_seed0_20260730,560,0,0,0.4248,2717.5165433883667,59,2,625,3.2,896,280,0,0,Battery-TA-RWARE/results/Larger-Models/centralized/json/obj1/session_obj1_centralized_json_gemma3_12b_seed0_20260730/gemma3_12b/tiny_balanced_1v1/json/summary.json
Battery + Shelf,Centralized,Json,gemma 12b,small_balanced_2v2,0,session_obj1_centralized_json_gemma3_12b_seed0_20260730,157,0,0,0.1005,1003.1947102546692,,0,500,0,314,,0,0,Battery-TA-RWARE/results/Larger-Models/centralized/json/obj1/session_obj1_centralized_json_gemma3_12b_seed0_20260730/gemma3_12b/small_balanced_2v2/json/summary.json
Battery + Shelf,Centralized,Json,gemma 12b,small_agv_heavy_4v2,0,session_obj1_centralized_json_gemma3_12b_seed0_20260730,845,0,0,0.0936909059652742,5837.008661031723,24,11,1939,5.673027333677153,435.79164517792674,76.81818181818181,0,0,Battery-TA-RWARE/results/Larger-Models/centralized/json/obj1/session_obj1_centralized_json_gemma3_12b_seed0_20260730/gemma3_12b/small_agv_heavy_4v2/json/summary.json
Battery + Shelf,Centralized,Json,gemma 12b,small_picker_heavy_2v4,0,session_obj1_centralized_json_gemma3_12b_seed0_20260730,467,0,0,0.15922032413491022,3538.8115673065186,24,2,761,2.628120893561104,613.6662286465178,233.5,0,0,Battery-TA-RWARE/results/Larger-Models/centralized/json/obj1/session_obj1_centralized_json_gemma3_12b_seed0_20260730/gemma3_12b/small_picker_heavy_2v4/json/summary.json
Battery + Shelf,Centralized,Json,gemma 12b,medium_balanced_4v4,0,session_obj1_centralized_json_gemma3_12b_seed0_20260730,1315,0,0,0.19226596404215748,13327.6058883667,51,11,1613,6.819590824550527,815.2510849349039,119.54545454545455,0,0,Battery-TA-RWARE/results/Larger-Models/centralized/json/obj1/session_obj1_centralized_json_gemma3_12b_seed0_20260730/gemma3_12b/medium_balanced_4v4/json/summary.json
Battery + Shelf,Centralized,Json,gemma 12b,medium_agv_heavy_6v2,0,session_obj1_centralized_json_gemma3_12b_seed0_20260730,368,0,0,0.07147790055248619,3007.895974636078,40,4,724,5.524861878453039,508.28729281767954,92,0,0,Battery-TA-RWARE/results/Larger-Models/centralized/json/obj1/session_obj1_centralized_json_gemma3_12b_seed0_20260730/gemma3_12b/medium_agv_heavy_6v2/json/summary.json
Calls,Centralized,Json,phi4,tiny_balanced_1v1,0,session_obj2_centralized_json_phi4_seed0_20260731,170,0,0,0.09514925373134328,1219.1997420787811,36,1,536,1.8656716417910448,317.1641791044776,170,0,0,Battery-TA-RWARE/results/Larger-Models/centralized/json/obj2/session_obj2_centralized_json_phi4_seed0_20260731/phi4/tiny_balanced_1v1/json/summary.json
Calls,Centralized,Json,phi4,small_balanced_2v2,0,session_obj2_centralized_json_phi4_seed0_20260731,183,0,0,0.08,1378.992705821991,,0,500,0,366,,0,0,Battery-TA-RWARE/results/Larger-Models/centralized/json/obj2/session_obj2_centralized_json_phi4_seed0_20260731/phi4/small_balanced_2v2/json/summary.json
Calls,Centralized,Json,phi4,small_agv_heavy_4v2,0,session_obj2_centralized_json_phi4_seed0_20260731,1086,0,0,0.0923671497584541,9661.567104816437,38,16,1725,9.27536231884058,629.5652173913044,67.875,0,0,Battery-TA-RWARE/results/Larger-Models/centralized/json/obj2/session_obj2_centralized_json_phi4_seed0_20260731/phi4/small_agv_heavy_4v2/json/summary.json
Calls,Centralized,Json,phi4,small_picker_heavy_2v4,0,session_obj2_centralized_json_phi4_seed0_20260731,985,0,0,0.1608350828084908,8314.07924747467,23,8,1429,5.5983205038488455,689.293212036389,123.125,0,0,Battery-TA-RWARE/results/Larger-Models/centralized/json/obj2/session_obj2_centralized_json_phi4_seed0_20260731/phi4/small_picker_heavy_2v4/json/summary.json
Calls,Centralized,Json,phi4,medium_balanced_4v4,0,session_obj2_centralized_json_phi4_seed0_20260731,554,0,0,0.04830917874396135,6552.1374661922455,51,4,621,6.4412238325281805,892.109500805153,138.5,0,0,Battery-TA-RWARE/results/Larger-Models/centralized/json/obj2/session_obj2_centralized_json_phi4_seed0_20260731/phi4/medium_balanced_4v4/json/summary.json
Calls,Centralized,Json,phi4,medium_agv_heavy_6v2,0,session_obj2_centralized_json_phi4_seed0_20260731,287,0,0,0.06839622641509434,2723.4118378162384,40,4,636,6.289308176100629,451.25786163522014,71.75,0,0,Battery-TA-RWARE/results/Larger-Models/centralized/json/obj2/session_obj2_centralized_json_phi4_seed0_20260731/phi4/medium_agv_heavy_6v2/json/summary.json
Calls,Centralized,Json,qwen 14b (2.5),tiny_balanced_1v1,0,session_obj2_centralized_json_qwen2_5_14b_seed0_20260731,504,0,25,0.39892665474060823,2637.3896856307983,59,1,559,1.7889087656529516,901.6100178890877,504,0.0496031746031746,0,Battery-TA-RWARE/results/Larger-Models/centralized/json/obj2/session_obj2_centralized_json_qwen2_5_14b_seed0_20260731/qwen2.5_14b/tiny_balanced_1v1/json/summary.json
Calls,Centralized,Json,qwen 14b (2.5),small_balanced_2v2,0,session_obj2_centralized_json_qwen2_5_14b_seed0_20260731,164,0,0,0.1145,1392.8381235599518,,0,500,0,328,,0,0,Battery-TA-RWARE/results/Larger-Models/centralized/json/obj2/session_obj2_centralized_json_qwen2_5_14b_seed0_20260731/qwen2.5_14b/small_balanced_2v2/json/summary.json
Calls,Centralized,Json,qwen 14b (2.5),small_agv_heavy_4v2,0,session_obj2_centralized_json_qwen2_5_14b_seed0_20260731,1030,0,1,0.10441646682653877,11241.639535665512,41,14,1668,8.393285371702637,617.505995203837,73.57142857142857,0.000970873786407767,0,Battery-TA-RWARE/results/Larger-Models/centralized/json/obj2/session_obj2_centralized_json_qwen2_5_14b_seed0_20260731/qwen2.5_14b/small_agv_heavy_4v2/json/summary.json
Calls,Centralized,Json,qwen 14b (2.5),small_picker_heavy_2v4,0,session_obj2_centralized_json_qwen2_5_14b_seed0_20260731,486,0,1,0.418951858622791,7284.021661043167,37,2,547,3.656307129798903,888.4826325411335,243,0.00205761316872428,0,Battery-TA-RWARE/results/Larger-Models/centralized/json/obj2/session_obj2_centralized_json_qwen2_5_14b_seed0_20260731/qwen2.5_14b/small_picker_heavy_2v4/json/summary.json
Calls,Centralized,Json,qwen 14b (2.5),medium_balanced_4v4,0,session_obj2_centralized_json_qwen2_5_14b_seed0_20260731,1412,0,0,0.13215384615384615,21390.149170398712,62,20,1625,12.307692307692308,868.9230769230769,70.6,0,0,Battery-TA-RWARE/results/Larger-Models/centralized/json/obj2/session_obj2_centralized_json_qwen2_5_14b_seed0_20260731/qwen2.5_14b/medium_balanced_4v4/json/summary.json
Calls,Centralized,Json,qwen 14b (2.5),medium_agv_heavy_6v2,0,session_obj2_centralized_json_qwen2_5_14b_seed0_20260731,371,0,0,0.08459787556904401,5054.752081871033,73,6,659,9.104704097116844,562.9742033383915,61.833333333333336,0,0,Battery-TA-RWARE/results/Larger-Models/centralized/json/obj2/session_obj2_centralized_json_qwen2_5_14b_seed0_20260731/qwen2.5_14b/medium_agv_heavy_6v2/json/summary.json
Calls,Centralized,Natural,phi4,tiny_balanced_1v1,0,session_obj2_centralized_natural_phi4_seed0_20260803,169,0,0,0.09514925373134328,2459.511055469513,36,1,536,1.8656716417910448,315.2985074626866,169,0,0,Battery-TA-RWARE/results/Larger-Models/centralized/natural/obj2/session_obj2_centralized_natural_phi4_seed0_20260803/phi4/tiny_balanced_1v1/language/summary.json
Calls,Centralized,Natural,phi4,small_balanced_2v2,0,session_obj2_centralized_natural_phi4_seed0_20260803,144,0,1,0.0975,2190.4863815307617,,0,500,0,288,,0.006944444444444444,0,Battery-TA-RWARE/results/Larger-Models/centralized/natural/obj2/session_obj2_centralized_natural_phi4_seed0_20260803/phi4/small_balanced_2v2/language/summary.json
Calls,Centralized,Natural,phi4,small_agv_heavy_4v2,0,session_obj2_centralized_natural_phi4_seed0_20260803,1054,0,36,0.10687715478134639,17192.507147312164,26,15,1837,8.165487207403375,573.7615677735438,70.26666666666667,0.03415559772296015,0,Battery-TA-RWARE/results/Larger-Models/centralized/natural/obj2/session_obj2_centralized_natural_phi4_seed0_20260803/phi4/small_agv_heavy_4v2/language/summary.json
Calls,Centralized,Natural,phi4,small_picker_heavy_2v4,0,session_obj2_centralized_natural_phi4_seed0_20260803,772,0,18,0.14469876348329386,12977.98235797882,22,5,1267,3.946329913180742,609.3133385951065,154.4,0.023316062176165803,0,Battery-TA-RWARE/results/Larger-Models/centralized/natural/obj2/session_obj2_centralized_natural_phi4_seed0_20260803/phi4/small_picker_heavy_2v4/language/summary.json
Calls,Centralized,Natural,phi4,medium_balanced_4v4,0,session_obj2_centralized_natural_phi4_seed0_20260803,410,0,30,0.1289619651347068,7506.374514102936,47,4,631,6.3391442155309035,649.7622820919175,102.5,0.07317073170731707,0,Battery-TA-RWARE/results/Larger-Models/centralized/natural/obj2/session_obj2_centralized_natural_phi4_seed0_20260803/phi4/medium_balanced_4v4/language/summary.json
Calls,Centralized,Natural,phi4,medium_agv_heavy_6v2,0,session_obj2_centralized_natural_phi4_seed0_20260803,465,0,18,0.05018359853121175,8184.349947929382,36,6,817,7.343941248470013,569.1554467564259,77.5,0.03870967741935484,0,Battery-TA-RWARE/results/Larger-Models/centralized/natural/obj2/session_obj2_centralized_natural_phi4_seed0_20260803/phi4/medium_agv_heavy_6v2/language/summary.json
Calls,Centralized,Natural,qwen 14b (2.5),tiny_balanced_1v1,0,session_obj2_centralized_natural_qwen2_5_14b_seed0_20260803,95,0,0,0.11495327102803739,621.4298992156982,35,1,535,1.8691588785046729,177.57009345794393,95,0,0,Battery-TA-RWARE/results/Larger-Models/centralized/natural/obj2/session_obj2_centralized_natural_qwen2_5_14b_seed0_20260803/qwen2.5_14b/tiny_balanced_1v1/language/summary.json
Calls,Centralized,Natural,qwen 14b (2.5),small_balanced_2v2,0,session_obj2_centralized_natural_qwen2_5_14b_seed0_20260803,694,0,0,0.11615598885793872,4892.244372367859,391,3,1795,1.6713091922005572,386.6295264623955,231.33333333333334,0,0,Battery-TA-RWARE/results/Larger-Models/centralized/natural/obj2/session_obj2_centralized_natural_qwen2_5_14b_seed0_20260803/qwen2.5_14b/small_balanced_2v2/language/summary.json
Calls,Centralized,Natural,qwen 14b (2.5),small_agv_heavy_4v2,0,session_obj2_centralized_natural_qwen2_5_14b_seed0_20260803,653,0,1,0.0967687074829932,5475.787734985352,37,8,980,8.16326530612245,666.3265306122449,81.625,0.0015313935681470138,0,Battery-TA-RWARE/results/Larger-Models/centralized/natural/obj2/session_obj2_centralized_natural_qwen2_5_14b_seed0_20260803/qwen2.5_14b/small_agv_heavy_4v2/language/summary.json
Calls,Centralized,Natural,qwen 14b (2.5),small_picker_heavy_2v4,0,session_obj2_centralized_natural_qwen2_5_14b_seed0_20260803,897,0,5,0.40107415107415106,9229.367405653,37,4,962,4.158004158004158,932.4324324324324,224.25,0.005574136008918618,0,Battery-TA-RWARE/results/Larger-Models/centralized/natural/obj2/session_obj2_centralized_natural_qwen2_5_14b_seed0_20260803/qwen2.5_14b/small_picker_heavy_2v4/language/summary.json
Calls,Centralized,Natural,qwen 14b (2.5),medium_balanced_4v4,0,session_obj2_centralized_natural_qwen2_5_14b_seed0_20260803,1080,0,2,0.12772556390977444,11976.652958154678,67,14,1330,10.526315789473685,812.0300751879699,77.14285714285714,0.001851851851851852,0,Battery-TA-RWARE/results/Larger-Models/centralized/natural/obj2/session_obj2_centralized_natural_qwen2_5_14b_seed0_20260803/qwen2.5_14b/medium_balanced_4v4/language/summary.json
Calls,Centralized,Natural,qwen 14b (2.5),medium_agv_heavy_6v2,0,session_obj2_centralized_natural_qwen2_5_14b_seed0_20260803,426,0,7,0.06750645994832041,4103.945032596588,32,7,774,9.043927648578812,550.3875968992248,60.857142857142854,0.01643192488262911,0,Battery-TA-RWARE/results/Larger-Models/centralized/natural/obj2/session_obj2_centralized_natural_qwen2_5_14b_seed0_20260803/qwen2.5_14b/medium_agv_heavy_6v2/language/summary.json
Battery + Shelf,Centralized,Json,phi4,tiny_balanced_1v1,0,session_obj1_centralized_json_phi4_seed0_20260805,175,0,0,0.09724770642201835,1252.9801321029663,45,1,545,1.834862385321101,321.10091743119267,175,0,0,Battery-TA-RWARE/results/Larger-Models/centralized/json/obj1/session_obj1_centralized_json_phi4_seed0_20260805/phi4/tiny_balanced_1v1/json/summary.json
Battery + Shelf,Centralized,Json,phi4,small_balanced_2v2,0,session_obj1_centralized_json_phi4_seed0_20260805,135,0,0,0.1,1005.0349929332733,,0,500,0,270,,0,0,Battery-TA-RWARE/results/Larger-Models/centralized/json/obj1/session_obj1_centralized_json_phi4_seed0_20260805/phi4/small_balanced_2v2/json/summary.json
Battery + Shelf,Centralized,Json,phi4,small_agv_heavy_4v2,0,session_obj1_centralized_json_phi4_seed0_20260805,1111,0,0,0.08731211317418214,9700.260383844376,22,13,2262,5.747126436781609,491.158267020336,85.46153846153847,0,0,Battery-TA-RWARE/results/Larger-Models/centralized/json/obj1/session_obj1_centralized_json_phi4_seed0_20260805/phi4/small_agv_heavy_4v2/json/summary.json
Battery + Shelf,Centralized,Json,phi4,small_picker_heavy_2v4,0,session_obj1_centralized_json_phi4_seed0_20260805,1626,1,5,0.1619237809951739,15859.617934465408,23,20,2003,9.98502246630055,811.7823265102346,81.3,0.003075030750307503,0.0006150061500615006,Battery-TA-RWARE/results/Larger-Models/centralized/json/obj1/session_obj1_centralized_json_phi4_seed0_20260805/phi4/small_picker_heavy_2v4/json/summary.json
Battery + Shelf,Centralized,Json,phi4,medium_balanced_4v4,0,session_obj1_centralized_json_phi4_seed0_20260805,1016,0,0,0.10727474150664697,10998.014981031418,51,9,1354,6.646971935007386,750.3692762186115,112.88888888888889,0,0,Battery-TA-RWARE/results/Larger-Models/centralized/json/obj1/session_obj1_centralized_json_phi4_seed0_20260805/phi4/medium_balanced_4v4/json/summary.json
Battery + Shelf,Centralized,Json,phi4,medium_agv_heavy_6v2,0,session_obj1_centralized_json_phi4_seed0_20260805,642,0,0,0.0648820326678766,6501.642130613327,29,10,1102,9.074410163339383,582.5771324863883,64.2,0,0,Battery-TA-RWARE/results/Larger-Models/centralized/json/obj1/session_obj1_centralized_json_phi4_seed0_20260805/phi4/medium_agv_heavy_6v2/json/summary.json
Battery + Shelf,Centralized,Json,qwen 14b (2.5),tiny_balanced_1v1,0,session_obj1_centralized_json_qwen2_5_14b_seed0_20260805,503,0,27,0.4156193895870736,2703.522441148758,57,1,557,1.7953321364452424,903.0520646319569,503,0.0536779324055666,0,Battery-TA-RWARE/results/Larger-Models/centralized/json/obj1/session_obj1_centralized_json_qwen2_5_14b_seed0_20260805/qwen2.5_14b/tiny_balanced_1v1/json/summary.json
Battery + Shelf,Centralized,Json,qwen 14b (2.5),small_balanced_2v2,0,session_obj1_centralized_json_qwen2_5_14b_seed0_20260805,157,0,0,0.101,1325.9907479286194,,0,500,0,314,,0,0,Battery-TA-RWARE/results/Larger-Models/centralized/json/obj1/session_obj1_centralized_json_qwen2_5_14b_seed0_20260805/qwen2.5_14b/small_balanced_2v2/json/summary.json
Battery + Shelf,Centralized,Json,qwen 14b (2.5),small_agv_heavy_4v2,0,session_obj1_centralized_json_qwen2_5_14b_seed0_20260805,660,0,4,0.11088709677419355,7469.3133499622345,41,10,992,10.080645161290322,665.3225806451613,66,0.006060606060606061,0,Battery-TA-RWARE/results/Larger-Models/centralized/json/obj1/session_obj1_centralized_json_qwen2_5_14b_seed0_20260805/qwen2.5_14b/small_agv_heavy_4v2/json/summary.json
Battery + Shelf,Centralized,Json,qwen 14b (2.5),small_picker_heavy_2v4,0,session_obj1_centralized_json_qwen2_5_14b_seed0_20260805,698,0,0,0.453360768175583,9835.918238639832,37,3,729,4.11522633744856,957.4759945130315,232.66666666666666,0,0,Battery-TA-RWARE/results/Larger-Models/centralized/json/obj1/session_obj1_centralized_json_qwen2_5_14b_seed0_20260805/qwen2.5_14b/small_picker_heavy_2v4/json/summary.json
Battery + Shelf,Centralized,Json,qwen 14b (2.5),medium_balanced_4v4,0,session_obj1_centralized_json_qwen2_5_14b_seed0_20260805,1679,0,0,0.1061999057048562,26110.620036125183,62,11,2121,5.186232909005186,791.6077322017916,152.63636363636363,0,0,Battery-TA-RWARE/results/Larger-Models/centralized/json/obj1/session_obj1_centralized_json_qwen2_5_14b_seed0_20260805/qwen2.5_14b/medium_balanced_4v4/json/summary.json
Battery + Shelf,Centralized,Json,qwen 14b (2.5),medium_agv_heavy_6v2,0,session_obj1_centralized_json_qwen2_5_14b_seed0_20260805,391,0,1,0.05635838150289017,5861.270548343658,32,7,692,10.115606936416185,565.028901734104,55.857142857142854,0.0025575447570332483,0,Battery-TA-RWARE/results/Larger-Models/centralized/json/obj1/session_obj1_centralized_json_qwen2_5_14b_seed0_20260805/qwen2.5_14b/medium_agv_heavy_6v2/json/summary.json
Battery + Shelf,Shared,Json,phi4,tiny_balanced_1v1,0,session_obj1_shared_json_phi4_seed0_20260805,182,0,0,0.09252336448598131,754.5676550865173,35,1,535,1.8691588785046729,340.1869158878505,182,0,0,Battery-TA-RWARE/results/Larger-Models/shared/json/obj1/session_obj1_shared_json_phi4_seed0_20260805/phi4/tiny_balanced_1v1/json/summary.json
Battery + Shelf,Shared,Json,phi4,small_balanced_2v2,0,session_obj1_shared_json_phi4_seed0_20260805,1096,0,0,0.07940606843124597,5414.124909162521,72,5,1549,3.2278889606197545,707.5532601678502,219.2,0,0,Battery-TA-RWARE/results/Larger-Models/shared/json/obj1/session_obj1_shared_json_phi4_seed0_20260805/phi4/small_balanced_2v2/json/summary.json
Battery + Shelf,Shared,Json,phi4,small_agv_heavy_4v2,0,session_obj1_shared_json_phi4_seed0_20260805,1264,0,0,0.06114924993643529,6946.354362487793,41,10,1311,7.627765064836003,964.1495041952708,126.4,0,0,Battery-TA-RWARE/results/Larger-Models/shared/json/obj1/session_obj1_shared_json_phi4_seed0_20260805/phi4/small_agv_heavy_4v2/json/summary.json
Battery + Shelf,Shared,Json,phi4,small_picker_heavy_2v4,0,session_obj1_shared_json_phi4_seed0_20260805,1926,0,0,0.13913857677902622,9905.678172826767,24,7,1780,3.932584269662921,1082.0224719101125,275.14285714285717,0,0,Battery-TA-RWARE/results/Larger-Models/shared/json/obj1/session_obj1_shared_json_phi4_seed0_20260805/phi4/small_picker_heavy_2v4/json/summary.json
Battery + Shelf,Shared,Json,phi4,medium_balanced_4v4,0,session_obj1_shared_json_phi4_seed0_20260805,756,0,0,0.10983606557377049,4911.529347896576,46,4,610,6.557377049180328,1239.344262295082,189,0,0,Battery-TA-RWARE/results/Larger-Models/shared/json/obj1/session_obj1_shared_json_phi4_seed0_20260805/phi4/medium_balanced_4v4/json/summary.json
Battery + Shelf,Shared,Json,phi4,medium_agv_heavy_6v2,0,session_obj1_shared_json_phi4_seed0_20260805,646,0,0,0.06624034749034749,4420.377412557602,40,5,1036,4.826254826254826,623.5521235521236,129.2,0,0,Battery-TA-RWARE/results/Larger-Models/shared/json/obj1/session_obj1_shared_json_phi4_seed0_20260805/phi4/medium_agv_heavy_6v2/json/summary.json
Battery + Shelf,Shared,Json,phi4,tiny_balanced_1v1,0,session_obj1_shared_json_phi4_seed0_20260805,182,0,0,0.09252336448598131,749.8074796199799,35,1,535,1.8691588785046729,340.1869158878505,182,0,0,Battery-TA-RWARE/results/Larger-Models/shared/json/obj1/session_obj1_shared_json_phi4_seed0_20260805/phi4/tiny_balanced_1v1/json/summary.json
Battery + Shelf,Shared,Json,phi4,small_balanced_2v2,0,session_obj1_shared_json_phi4_seed0_20260805,152,0,0,0.0985,736.6570539474487,,0,500,0,304,,0,0,Battery-TA-RWARE/results/Larger-Models/shared/json/obj1/session_obj1_shared_json_phi4_seed0_20260805/phi4/small_balanced_2v2/json/summary.json
Battery + Shelf,Shared,Json,phi4,small_agv_heavy_4v2,0,session_obj1_shared_json_phi4_seed0_20260805,956,0,0,0.08266666666666667,5382.391957044601,41,9,1000,9,956,106.22222222222223,0,0,Battery-TA-RWARE/results/Larger-Models/shared/json/obj1/session_obj1_shared_json_phi4_seed0_20260805/phi4/small_agv_heavy_4v2/json/summary.json
Battery + Shelf,Shared,Json,phi4,small_picker_heavy_2v4,0,session_obj1_shared_json_phi4_seed0_20260805,1510,0,0,0.131969370662838,7877.396336078644,24,6,1393,4.3072505384063176,1083.9913854989231,251.66666666666666,0,0,Battery-TA-RWARE/results/Larger-Models/shared/json/obj1/session_obj1_shared_json_phi4_seed0_20260805/phi4/small_picker_heavy_2v4/json/summary.json
Battery + Shelf,Shared,Json,phi4,medium_balanced_4v4,0,session_obj1_shared_json_phi4_seed0_20260805,703,0,0,0.11331967213114755,4575.063299417496,46,4,610,6.557377049180328,1152.4590163934427,175.75,0,0,Battery-TA-RWARE/results/Larger-Models/shared/json/obj1/session_obj1_shared_json_phi4_seed0_20260805/phi4/medium_balanced_4v4/json/summary.json
Battery + Shelf,Shared,Json,phi4,medium_agv_heavy_6v2,0,session_obj1_shared_json_phi4_seed0_20260805,612,0,0,0.06859756097560976,4146.215450525284,40,5,902,5.5432372505543235,678.4922394678492,122.4,0,0,Battery-TA-RWARE/results/Larger-Models/shared/json/obj1/session_obj1_shared_json_phi4_seed0_20260805/phi4/medium_agv_heavy_6v2/json/summary.json
Battery + Shelf,Shared,Json,qwen 14b (2.5),tiny_balanced_1v1,0,session_obj1_shared_json_qwen2_5_14b_seed0_20260805,182,0,0,0.09252336448598131,679.4562907218933,35,1,535,1.8691588785046729,340.1869158878505,182,0,0,Battery-TA-RWARE/results/Larger-Models/shared/json/obj1/session_obj1_shared_json_qwen2_5_14b_seed0_20260805/qwen2.5_14b/tiny_balanced_1v1/json/summary.json
Battery + Shelf,Shared,Json,qwen 14b (2.5),small_balanced_2v2,0,session_obj1_shared_json_qwen2_5_14b_seed0_20260805,466,0,0,0.10895953757225434,2206.177078962326,72,2,865,2.3121387283236996,538.7283236994219,233,0,0,Battery-TA-RWARE/results/Larger-Models/shared/json/obj1/session_obj1_shared_json_qwen2_5_14b_seed0_20260805/qwen2.5_14b/small_balanced_2v2/json/summary.json
Battery + Shelf,Shared,Json,qwen 14b (2.5),small_agv_heavy_4v2,0,session_obj1_shared_json_qwen2_5_14b_seed0_20260805,1165,0,0,0.039100684261974585,6829.108937501907,24,6,682,8.79765395894428,1708.2111436950147,194.16666666666666,0,0,Battery-TA-RWARE/results/Larger-Models/shared/json/obj1/session_obj1_shared_json_qwen2_5_14b_seed0_20260805/qwen2.5_14b/small_agv_heavy_4v2/json/summary.json
Battery + Shelf,Shared,Json,qwen 14b (2.5),small_picker_heavy_2v4,0,session_obj1_shared_json_qwen2_5_14b_seed0_20260805,3672,0,0,0.3124378109452736,16911.0091984272,24,10,1340,7.462686567164179,2740.2985074626868,367.2,0,0,Battery-TA-RWARE/results/Larger-Models/shared/json/obj1/session_obj1_shared_json_qwen2_5_14b_seed0_20260805/qwen2.5_14b/small_picker_heavy_2v4/json/summary.json
Battery + Shelf,Shared,Json,qwen 14b (2.5),medium_balanced_4v4,0,session_obj1_shared_json_qwen2_5_14b_seed0_20260805,945,0,0,0.12416943521594684,5947.310852766037,49,4,602,6.644518272425249,1569.7674418604652,236.25,0,0,Battery-TA-RWARE/results/Larger-Models/shared/json/obj1/session_obj1_shared_json_qwen2_5_14b_seed0_20260805/qwen2.5_14b/medium_balanced_4v4/json/summary.json
Battery + Shelf,Shared,Json,qwen 14b (2.5),medium_agv_heavy_6v2,0,session_obj1_shared_json_qwen2_5_14b_seed0_20260805,1916,0,0,0.07353730542136339,12797.917761087418,40,13,1863,6.977992485238862,1028.4487385936661,147.3846153846154,0,0,Battery-TA-RWARE/results/Larger-Models/shared/json/obj1/session_obj1_shared_json_qwen2_5_14b_seed0_20260805/qwen2.5_14b/medium_agv_heavy_6v2/json/summary.json
