Objective,Arch,Prompt,Model,Scenario,num_runs,num_seeds,seeds,mean_total_deliveries,std_total_deliveries,mean_total_steps,std_total_steps,mean_deliveries_per_1000_steps,std_deliveries_per_1000_steps,mean_llm_calls_per_1000_steps,std_llm_calls_per_1000_steps,mean_llm_calls_per_delivery,std_llm_calls_per_delivery,mean_invalid_action_rate,std_invalid_action_rate,mean_json_failure_rate,std_json_failure_rate,mean_charging_station_utilization_rate,std_charging_station_utilization_rate,mean_steps_to_first_delivery,std_steps_to_first_delivery
Calls,Centralized,Json,llama 1b (3.2),tiny_balanced_1v1,2,1,0,0,0,500,0,0,0,956,0,,,0.00418410041841,0,0.00209205020921,0,0,0,,
Calls,Centralized,Json,llama 1b (3.2),small_balanced_2v2,3,1,0,0,0,500,0,0,0,982,0,,,0.233536999321,0.404497948271,0,0,0,0,,
Calls,Centralized,Json,llama 1b (3.2),small_agv_heavy_4v2,6,1,0,0,0,500,0,0,0,636,299.735883738,,,0.685939842422,0.58679625655,0.0362654320987,0.0561821658245,0,0,,
Calls,Centralized,Json,llama 1b (3.2),medium_balanced_4v4,1,1,0,0,,500,,0,,982,,,,0.0020366598778,,0,,0.00125,,,
Calls,Centralized,Json,llama 1b (3.2),medium_agv_heavy_6v2,2,1,0,0,0,500,0,0,0,684,0,,,0.488304093567,0,0,0,0.003,0,,
Calls,Centralized,Json,gemma 12b,tiny_balanced_1v1,2,1,0,9,0,1588,0,5.66750629723,0,505.037783375,0,89.1111111111,0,0,0,0,0,0.177267002519,0,48,0
Calls,Centralized,Json,gemma 12b,small_picker_heavy_2v4,2,1,0,3,0,1126,0,2.66429840142,0,839.253996448,0,315,0,0.047619047619,0,0.0031746031746,0,0.187240970989,0,99,0
Calls,Centralized,Json,gemma 12b,small_balanced_2v2,2,1,0,0,0,500,0,0,0,286,0,,,0,0,0,0,0.0995,0,,
Calls,Centralized,Json,gemma 12b,small_agv_heavy_4v2,2,1,0,8,0,1235,0,6.47773279352,0,513.360323887,0,79.25,0,0.00946372239748,0,0,0,0.097975708502,0,45,0
Calls,Centralized,Json,gemma 12b,medium_balanced_4v4,2,1,0,8,0,1771,0,4.51722190853,0,749.294184077,0,165.875,0,0.0504898266767,0,0.000753579502638,0,0.134952004517,0,209,0
Calls,Centralized,Json,gemma 12b,medium_agv_heavy_6v2,2,1,0,3,0,1175,0,2.55319148936,0,880.85106383,0,345,0,0.0434782608696,0,0.000966183574879,0,0.135957446809,0,190,0
Calls,Centralized,Natural,llama 1b (3.2),tiny_balanced_1v1,2,1,0,0,0,500,0,0,0,538,214.960461481,,,0.0086956521739,0.012297509238,,,0.0285,0.0403050865276,,
Calls,Centralized,Natural,llama 1b (3.2),small_picker_heavy_2v4,1,1,0,0,,500,,0,,886,,,,0.363431151242,,,,0.124333333333,,,
Calls,Centralized,Natural,llama 1b (3.2),small_balanced_2v2,2,1,0,0,0,500,0,0,0,747,145.663996924,,,0.415458531239,0.128343626875,,,0.13325,0.073892658634,,
Calls,Centralized,Natural,llama 1b (3.2),small_agv_heavy_4v2,2,1,0,0,0,500,0,0,0,786,118.793939239,,,0.596600844877,0.0829716415611,,,0.0996666666665,0.0546829244115,,
Calls,Centralized,Natural,llama 1b (3.2),medium_balanced_4v4,2,1,0,1,0,737,2.82842712475,1.35686209531,0.00520730740104,847.156020731,103.246585677,624.5,78.4888527117,0.903889692959,0.292503020666,,,0.12346984802,0.00192475099831,237,2.82842712475
Calls,Centralized,Natural,llama 1b (3.2),medium_agv_heavy_6v2,1,1,0,0,,500,,0,,876,,,,0.7899543379,,,,0.06125,,,
Calls,Centralized,Natural,llama 3b (3.2),tiny_balanced_1v1,1,1,0,1,,973,,1.02774922919,,504.624871531,,491,,0.091649694501,,,,0.121274409044,,473,
Calls,Centralized,Natural,llama 3b (3.2),small_picker_heavy_2v4,1,1,0,4,,1570,,2.54777070064,,864.968152866,,339.5,,0.479381443299,,,,0.235244161359,,67,
Calls,Centralized,Natural,llama 3b (3.2),small_balanced_2v2,1,1,0,1,,806,,1.24069478908,,712.158808933,,574,,0.674216027875,,,,0.165322580645,,306,
Calls,Centralized,Natural,llama 3b (3.2),small_agv_heavy_4v2,1,1,0,18,,3187,,5.64794477565,,770.944461876,,136.5,,0.23606023606,,,,0.157044242234,,411,
Calls,Centralized,Natural,llama 3b (3.2),medium_balanced_4v4,1,1,0,16,,3892,,4.11099691675,,845.837615622,,205.75,,0.362393681652,,,,0.180948098664,,261,
Calls,Centralized,Natural,llama 3b (3.2),medium_agv_heavy_6v2,1,1,0,19,,2772,,6.85425685426,,801.226551227,,116.894736842,,0.249437190455,,,,0.15615981241,,50,
Calls,Centralized,Natural,mistral 7b,tiny_balanced_1v1,1,1,0,5,,2063,,2.42365487155,,591.371788657,,244,,0.658196721311,,,,0.236063984489,,375,
Calls,Centralized,Natural,mistral 7b,small_balanced_2v2,1,1,0,6,,1732,,3.46420323326,,668.013856813,,192.833333333,,0.90319792567,,,,0.1978926097,,74,
Calls,Shared,Json,llama 1b (3.2),tiny_balanced_1v1,4,1,0,0,0,500,0,0,0,1575.5,340.499143415,,,0,0,0,0,0.01575,0.0315,,
Calls,Shared,Json,llama 1b (3.2),small_picker_heavy_2v4,2,1,0,0,0,500,0,0,0,3455,154.149278299,,,0,0,0,0,0.224,0.286613948641,,
Calls,Shared,Json,llama 1b (3.2),small_balanced_2v2,4,1,0,0,0,500,0,0,0,1619,314.420101139,,,0,0,0,0,0.266125,0.165071890904,,
Calls,Shared,Json,llama 1b (3.2),small_agv_heavy_4v2,2,1,0,0,0,500,0,0,0,3004,285.671139599,,,0,0,0,0,0.1895,0.189268915097,,
Calls,Shared,Json,llama 1b (3.2),medium_balanced_4v4,3,1,0,0,0,500,0,0,0,3724,649.692234831,,,0,0,0,0,0.238333333333,0.055646952597,,
Calls,Shared,Json,llama 1b (3.2),medium_agv_heavy_6v2,2,1,0,0,0,500,0,0,0,2659,940.452018978,,,0,0,0,0,0.186,0.13081475452,,
Calls,Shared,Json,llama 3b (3.2),tiny_balanced_1v1,2,1,0,0,0,500,0,0,0,1541,318.198051534,,,0,0,0,0,0,0,,
Calls,Shared,Json,llama 3b (3.2),small_picker_heavy_2v4,2,1,0,0,0,500,0,0,0,3583,2119.90613,,,0,0,0,0,0.0685000000002,0.0921595838149,,
Calls,Shared,Json,llama 3b (3.2),small_balanced_2v2,2,1,0,0,0,500,0,0,0,2169,1361.88766057,,,0,0,0,0,0.05225,0.073892658634,,
Calls,Shared,Json,llama 3b (3.2),small_agv_heavy_4v2,2,1,0,0,0,500,0,0,0,2940,1029.54747341,,,0,0,0,0,0.0613333333335,0.0867384318258,,
Calls,Shared,Json,llama 3b (3.2),medium_balanced_4v4,2,1,0,0,0,500,0,0,0,3737,2343.35187285,,,0,0,0,0,0.090375,0.116849395591,,
Calls,Shared,Json,llama 3b (3.2),medium_agv_heavy_6v2,2,1,0,0,0,500,0,0,0,2903,651.952452254,,,0,0,0,0,0.179,0.00707106781187,,
Calls,Shared,Json,mistral 7b,tiny_balanced_1v1,1,1,0,0,,500,,0,,1808,,,,0,,0,,0.046,,,
Calls,Shared,Json,mistral 7b,small_picker_heavy_2v4,1,1,0,0,,500,,0,,4048,,,,0.0138339920949,,0,,0.315,,,
Calls,Shared,Json,mistral 7b,small_balanced_2v2,1,1,0,1,,577,,1.73310225303,,2431.54246101,,1403,,0.0064148253742,,0.000712758374911,,0.117417677643,,77,
Calls,Shared,Json,mistral 7b,small_agv_heavy_4v2,1,1,0,0,,500,,0,,3156,,,,0.0348542458809,,0,,0.229,,,
Calls,Shared,Json,mistral 7b,medium_balanced_4v4,1,1,0,0,,500,,0,,4030,,,,0.109181141439,,0,,0.12875,,,
Calls,Shared,Json,mistral 7b,medium_agv_heavy_6v2,1,1,0,0,,500,,0,,3750,,,,0.370133333333,,0,,0.23375,,,
Calls,Shared,Json,gemma 12b,tiny_balanced_1v1,1,1,0,6,,967,,6.20475698035,,1427.09410548,,230,,0,,0,,0.0832471561531,,35,
Calls,Shared,Json,gemma 12b,small_picker_heavy_2v4,1,1,0,0,,500,,0,,4040,,,,0,,0,,0.322333333333,,,
Calls,Shared,Json,gemma 12b,small_balanced_2v2,1,1,0,0,,500,,0,,376,,,,0,,0,,0.0945,,,
Calls,Shared,Json,gemma 12b,small_agv_heavy_4v2,1,1,0,11,,1792,,6.13839285714,,1925.22321429,,313.636363636,,0,,0,,0.112258184524,,84,
Calls,Shared,Json,gemma 12b,medium_balanced_4v4,1,1,0,0,,500,,0,,4908,,,,0,,0,,0.1995,,,
Calls,Shared,Json,gemma 12b,medium_agv_heavy_6v2,1,1,0,9,,2887,,3.11742293038,,2762.03671631,,886,,0.000125407574618,,0,,0.15656390717,,125,
Calls,Shared,Json,phi4,tiny_balanced_1v1,1,1,0,1,,535,,1.8691588785,,340.186915888,,182,,0,,0,,0.092523364486,,35,
Calls,Shared,Json,phi4,small_picker_heavy_2v4,1,1,0,5,,1135,,4.40528634361,,922.466960352,,209.4,,0,,0,,0.145668135095,,24,
Calls,Shared,Json,phi4,small_balanced_2v2,1,1,0,0,,500,,0,,296,,,,0,,0,,0.116,,,
Calls,Shared,Json,phi4,small_agv_heavy_4v2,1,1,0,10,,1192,,8.38926174497,,844.798657718,,100.7,,0,,0,,0.086129753915,,41,
Calls,Shared,Json,phi4,medium_balanced_4v4,1,1,0,5,,1062,,4.70809792844,,1270.24482109,,269.8,,0,,0,,0.110758003766,,131,
Calls,Shared,Json,phi4,medium_agv_heavy_6v2,1,1,0,4,,842,,4.75059382423,,809.976247031,,170.5,,0,,0,,0.0656175771971,,28,
Calls,Shared,Json,qwen 14b (2.5),tiny_balanced_1v1,1,1,0,1,,543,,1.84162062615,,1263.35174954,,686,,0,,0,,0.460405156538,,43,
Calls,Shared,Json,qwen 14b (2.5),small_picker_heavy_2v4,1,1,0,0,,500,,0,,4598,,,,0,,0,,0.342,,,
Calls,Shared,Json,qwen 14b (2.5),small_balanced_2v2,1,1,0,0,,500,,0,,2138,,,,0,,0,,0.4755,,,
Calls,Shared,Json,qwen 14b (2.5),small_agv_heavy_4v2,1,1,0,0,,500,,0,,3944,,,,0.00101419878296,,0,,0.108333333333,,,
Calls,Shared,Json,qwen 14b (2.5),medium_balanced_4v4,1,1,0,0,,500,,0,,5594,,,,0,,0,,0.187,,,
Calls,Shared,Json,qwen 14b (2.5),medium_agv_heavy_6v2,1,1,0,0,,500,,0,,4306,,,,0.000928936367859,,0,,0.22,,,
Calls,Shared,Natural,llama 1b (3.2),tiny_balanced_1v1,3,1,0,4.33333333333,1.15470053838,938.666666667,15.3731367435,4.60381505041,1.16612105934,667.585929008,270.711424302,140.533333333,27.4053522753,0,0,,,0.388666244556,0.182695026512,62,1.73205080757
Calls,Shared,Natural,llama 1b (3.2),small_picker_heavy_2v4,1,1,0,7,,1145,,6.1135371179,,2006.98689956,,328.285714286,,0,,,,0.314264919942,,106,
Calls,Shared,Natural,llama 1b (3.2),small_balanced_2v2,3,1,0,0,0,500,0,0,0,886.666666667,104.332800851,,,0,0,,,0.0758333333333,0.00539289656245,,
Calls,Shared,Natural,llama 1b (3.2),small_agv_heavy_4v2,1,1,0,9,,1394,,6.456241033,,1743.18507891,,270,,0,,,,0.130200860832,,15,
Calls,Shared,Natural,llama 1b (3.2),medium_balanced_4v4,3,1,0,11,6.2449979984,1159.33333333,384.593725031,8.89095983802,3.17074336749,2849.82808495,497.398963554,342.891025641,97.9593570122,0,0,,,0.159925532562,0.0647690192226,50.6666666667,13.2790561914
Calls,Shared,Natural,llama 1b (3.2),medium_agv_heavy_6v2,1,1,0,4,,687,,5.82241630277,,2729.25764192,,468.75,,0,,,,0.00291120815138,,43,
Calls,Shared,Natural,llama 3b (3.2),tiny_balanced_1v1,1,1,0,11,,1252,,8.78594249201,,654.153354633,,74.4545454545,,0,,,,0.109424920128,,37,
Calls,Shared,Natural,llama 3b (3.2),small_picker_heavy_2v4,1,1,0,6,,820,,7.31707317073,,2574.3902439,,351.833333333,,0,,,,0.0327235772358,,32,
Calls,Shared,Natural,llama 3b (3.2),small_balanced_2v2,1,1,0,10,,1165,,8.58369098712,,1707.29613734,,198.9,,0,,,,0.0557939914163,,44,
Calls,Shared,Natural,llama 3b (3.2),small_agv_heavy_4v2,1,1,0,20,,1119,,17.873100983,,2352.99374441,,131.65,,0,,,,0.134495084897,,31,
Calls,Shared,Natural,llama 3b (3.2),medium_balanced_4v4,1,1,0,6,,731,,8.20793433653,,2247.60601915,,273.833333333,,0,,,,0.0218878248974,,48,
Calls,Shared,Natural,llama 3b (3.2),medium_agv_heavy_6v2,1,1,0,20,,1152,,17.3611111111,,2642.36111111,,152.2,,0,,,,0.106336805556,,26,
Calls,Shared,Natural,mistral 7b,tiny_balanced_1v1,1,1,0,2,,637,,3.13971742543,,1043.95604396,,332.5,,0,,,,0.107535321821,,34,
Calls,Shared,Natural,mistral 7b,small_picker_heavy_2v4,1,1,0,6,,969,,6.1919504644,,1769.86584107,,285.833333333,,0,,,,0.0908152734778,,24,
Calls,Shared,Natural,mistral 7b,small_balanced_2v2,1,1,0,12,,1907,,6.29260618773,,1921.34242265,,305.333333333,,0,,,,0.267042475092,,39,
Calls,Shared,Natural,mistral 7b,small_agv_heavy_4v2,1,1,0,19,,2037,,9.32744231713,,2396.17083947,,256.894736842,,0,,,,0.223776795942,,33,
Calls,Shared,Natural,mistral 7b,medium_balanced_4v4,1,1,0,5,,789,,6.3371356147,,4334.60076046,,684,,0,,,,0.191698352345,,46,
Calls,Shared,Natural,mistral 7b,medium_agv_heavy_6v2,1,1,0,15,,913,,16.4293537788,,2836.80175246,,172.666666667,,0,,,,0.0376506024096,,40,
Calls,Shared,Natural,gemma 12b,tiny_balanced_1v1,1,1,0,20,,1649,,12.1285627653,,874.469375379,,72.1,,0,,,,0.119769557307,,35,
Calls,Shared,Natural,gemma 12b,small_picker_heavy_2v4,1,1,0,20,,2578,,7.7579519007,,1583.78588053,,204.15,,0,,,,0.136281355056,,24,
Calls,Shared,Natural,gemma 12b,small_balanced_2v2,1,1,0,0,,500,,0,,280,,,,0,,,,0.101,,,
Calls,Shared,Natural,gemma 12b,small_agv_heavy_4v2,1,1,0,11,,1331,,8.26446280992,,1356.12321563,,164.090909091,,0,,,,0.146255947909,,41,
Calls,Shared,Natural,gemma 12b,medium_balanced_4v4,1,1,0,6,,1126,,5.32859680284,,1293.07282416,,242.666666667,,0,,,,0.119227353464,,46,
Calls,Shared,Natural,gemma 12b,medium_agv_heavy_6v2,1,1,0,6,,824,,7.28155339806,,1271.84466019,,174.666666667,,0,,,,0.101334951456,,40,
Calls,Shared,Natural,phi4,tiny_balanced_1v1,1,1,0,1,,535,,1.8691588785,,177.570093458,,95,,0,,,,0.119626168224,,35,
Calls,Shared,Natural,phi4,small_picker_heavy_2v4,1,1,0,3,,565,,5.30973451327,,1021.23893805,,192.333333333,,0,,,,0.143067846608,,24,
Calls,Shared,Natural,phi4,small_balanced_2v2,1,1,0,1,,572,,1.74825174825,,319.93006993,,183,,0,,,,0.0952797202797,,72,
Calls,Shared,Natural,phi4,small_agv_heavy_4v2,1,1,0,9,,1260,,7.14285714286,,917.46031746,,128.444444444,,0,,,,0.0884920634921,,41,
Calls,Shared,Natural,phi4,medium_balanced_4v4,1,1,0,7,,1032,,6.78294573643,,1242.24806202,,183.142857143,,0,,,,0.12257751938,,46,
Calls,Shared,Natural,phi4,medium_agv_heavy_6v2,1,1,0,5,,738,,6.77506775068,,688.346883469,,101.6,,0,,,,0.0741869918699,,32,
Calls,Shared,Natural,qwen 14b (2.5),tiny_balanced_1v1,1,1,0,3,,863,,3.47624565469,,410.196987254,,118,,0,,,,0.150057937428,,35,
Calls,Shared,Natural,qwen 14b (2.5),small_picker_heavy_2v4,1,1,0,17,,1670,,10.1796407186,,1679.04191617,,164.941176471,,0,,,,0.159381237525,,24,
Calls,Shared,Natural,qwen 14b (2.5),small_balanced_2v2,1,1,0,1,,572,,1.74825174825,,604.895104895,,346,,0,,,,0.116695804196,,72,
Calls,Shared,Natural,qwen 14b (2.5),small_agv_heavy_4v2,1,1,0,10,,1146,,8.7260034904,,1231.2390925,,141.1,,0,,,,0.0974403723095,,41,
Calls,Shared,Natural,qwen 14b (2.5),medium_balanced_4v4,1,1,0,6,,1022,,5.87084148728,,1557.72994129,,265.333333333,,0,,,,0.143590998043,,48,
Calls,Shared,Natural,qwen 14b (2.5),medium_agv_heavy_6v2,1,1,0,9,,2005,,4.48877805486,,585.037406484,,130.333333333,,0,,,,0.0600997506234,,32,
Shelf Deliveries,Centralized,Json,llama 1b (3.2),tiny_balanced_1v1,1,1,0,0,,200,,0,,345,,,,0,,,,,,,
Shelf Deliveries,Centralized,Json,llama 1b (3.2),small_picker_heavy_2v4,1,1,0,0,,200,,0,,550,,,,0,,,,,,,
Shelf Deliveries,Centralized,Json,llama 1b (3.2),small_balanced_2v2,1,1,0,0,,200,,0,,435,,,,0,,,,,,,
Shelf Deliveries,Centralized,Json,llama 1b (3.2),small_agv_heavy_4v2,1,1,0,0,,200,,0,,655,,,,0,,,,,,,
Shelf Deliveries,Centralized,Json,llama 1b (3.2),medium_balanced_4v4,1,1,0,1,,361,,2.77008310249,,545.706371191,,197,,0,,,,,,161,
Shelf Deliveries,Centralized,Json,llama 1b (3.2),medium_agv_heavy_6v2,1,1,0,0,,200,,0,,615,,,,0,,,,,,,
Shelf Deliveries,Centralized,Json,llama 3b (3.2),tiny_balanced_1v1,1,1,0,1,,253,,3.95256916996,,193.675889328,,49,,0,,,,,,53,
Shelf Deliveries,Centralized,Json,llama 3b (3.2),small_picker_heavy_2v4,1,1,0,1,,381,,2.62467191601,,664.041994751,,253,,0,,,,,,181,
Shelf Deliveries,Centralized,Json,llama 3b (3.2),small_balanced_2v2,1,1,0,0,,200,,0,,620,,,,0,,,,,,,
Shelf Deliveries,Centralized,Json,llama 3b (3.2),small_agv_heavy_4v2,1,1,0,0,,200,,0,,725,,,,0,,,,,,,
Shelf Deliveries,Centralized,Json,llama 3b (3.2),medium_balanced_4v4,1,1,0,0,,200,,0,,1000,,,,0,,,,,,,
Shelf Deliveries,Centralized,Json,llama 3b (3.2),medium_agv_heavy_6v2,1,1,0,0,,200,,0,,960,,,,0,,,,,,,
Shelf Deliveries,Centralized,Json,mistral 7b,tiny_balanced_1v1,1,1,0,1,,370,,2.7027027027,,475.675675676,,176,,0,,,,,,170,
Shelf Deliveries,Centralized,Json,mistral 7b,small_picker_heavy_2v4,1,1,0,2,,567,,3.52733686067,,396.825396825,,112.5,,0,,,,,,183,
Shelf Deliveries,Centralized,Json,mistral 7b,small_balanced_2v2,1,1,0,2,,393,,5.08905852417,,473.282442748,,93,,0,,,,,,173,
Shelf Deliveries,Centralized,Json,mistral 7b,small_agv_heavy_4v2,1,1,0,0,,200,,0,,415,,,,0,,,,,,,
Shelf Deliveries,Centralized,Json,mistral 7b,medium_balanced_4v4,1,1,0,0,,200,,0,,810,,,,0,,,,,,,
Shelf Deliveries,Centralized,Json,mistral 7b,medium_agv_heavy_6v2,1,1,0,0,,200,,0,,1000,,,,0,,,,,,,
Shelf Deliveries,Centralized,Json,gemma 12b,tiny_balanced_1v1,1,1,0,1,,233,,4.29184549356,,317.596566524,,74,,0,,,,,,33,
Shelf Deliveries,Centralized,Json,gemma 12b,small_picker_heavy_2v4,1,1,0,0,,200,,0,,660,,,,0,,,,,,,
Shelf Deliveries,Centralized,Json,gemma 12b,small_balanced_2v2,1,1,0,1,,343,,2.91545189504,,591.836734694,,203,,0,,,,,,143,
Shelf Deliveries,Centralized,Json,gemma 12b,small_agv_heavy_4v2,1,1,0,0,,200,,0,,905,,,,0,,,,,,,
Shelf Deliveries,Centralized,Json,gemma 12b,medium_balanced_4v4,1,1,0,0,,200,,0,,1000,,,,0,,,,,,,
Shelf Deliveries,Centralized,Json,gemma 12b,medium_agv_heavy_6v2,1,1,0,0,,200,,0,,1000,,,,0,,,,,,,
Shelf Deliveries,Centralized,Json,phi4,tiny_balanced_1v1,1,1,0,1,,233,,4.29184549356,,416.309012876,,97,,0,,,,,,33,
Shelf Deliveries,Centralized,Json,phi4,small_picker_heavy_2v4,1,1,0,1,,337,,2.96735905045,,495.548961424,,167,,0,,,,,,137,
Shelf Deliveries,Centralized,Json,phi4,small_balanced_2v2,1,1,0,2,,292,,6.84931506849,,479.452054795,,70,,0,,,,,,62,
Shelf Deliveries,Centralized,Json,phi4,small_agv_heavy_4v2,1,1,0,4,,491,,8.1466395112,,682.281059063,,83.75,,0,,,,,,76,
Shelf Deliveries,Centralized,Json,phi4,medium_balanced_4v4,1,1,0,0,,200,,0,,180,,,,0,,,,,,,
Shelf Deliveries,Centralized,Json,phi4,medium_agv_heavy_6v2,1,1,0,0,,200,,0,,590,,,,0.0169491525424,,,,,,,
Shelf Deliveries,Centralized,Json,qwen 14b (2.5),tiny_balanced_1v1,1,1,0,1,,233,,4.29184549356,,150.214592275,,35,,0,,,,,,33,
Shelf Deliveries,Centralized,Json,qwen 14b (2.5),small_picker_heavy_2v4,1,1,0,0,,200,,0,,370,,,,0,,,,,,,
Shelf Deliveries,Centralized,Json,qwen 14b (2.5),small_balanced_2v2,1,1,0,2,,282,,7.09219858156,,319.14893617,,45,,0,,,,,,45,
Shelf Deliveries,Centralized,Json,qwen 14b (2.5),small_agv_heavy_4v2,1,1,0,0,,200,,0,,375,,,,0,,,,,,,
Shelf Deliveries,Centralized,Json,qwen 14b (2.5),medium_balanced_4v4,1,1,0,0,,200,,0,,800,,,,0,,,,,,,
Shelf Deliveries,Centralized,Json,qwen 14b (2.5),medium_agv_heavy_6v2,1,1,0,0,,200,,0,,700,,,,0,,,,,,,
Shelf Deliveries,Centralized,Natural,llama 1b (3.2),tiny_balanced_1v1,1,1,0,0,,200,,0,,430,,,,0,,,,,,,
Shelf Deliveries,Centralized,Natural,llama 1b (3.2),small_picker_heavy_2v4,1,1,0,0,,200,,0,,670,,,,0,,,,,,,
Shelf Deliveries,Centralized,Natural,llama 1b (3.2),small_balanced_2v2,1,1,0,0,,200,,0,,700,,,,0,,,,,,,
Shelf Deliveries,Centralized,Natural,llama 1b (3.2),small_agv_heavy_4v2,1,1,0,0,,200,,0,,680,,,,0,,,,,,,
Shelf Deliveries,Centralized,Natural,llama 1b (3.2),medium_balanced_4v4,1,1,0,0,,200,,0,,900,,,,0,,,,,,,
Shelf Deliveries,Centralized,Natural,llama 1b (3.2),medium_agv_heavy_6v2,1,1,0,0,,200,,0,,860,,,,0,,,,,,,
Shelf Deliveries,Centralized,Natural,llama 3b (3.2),tiny_balanced_1v1,1,1,0,1,,278,,3.59712230216,,244.604316547,,68,,0,,,,,,78,
Shelf Deliveries,Centralized,Natural,llama 3b (3.2),small_picker_heavy_2v4,1,1,0,0,,200,,0,,740,,,,0,,,,,,,
Shelf Deliveries,Centralized,Natural,llama 3b (3.2),small_balanced_2v2,1,1,0,2,,398,,5.02512562814,,605.527638191,,120.5,,0,,,,,,174,
Shelf Deliveries,Centralized,Natural,llama 3b (3.2),small_agv_heavy_4v2,1,1,0,0,,200,,0,,1000,,,,0,,,,,,,
Shelf Deliveries,Centralized,Natural,llama 3b (3.2),medium_balanced_4v4,1,1,0,0,,200,,0,,1000,,,,0,,,,,,,
Shelf Deliveries,Centralized,Natural,llama 3b (3.2),medium_agv_heavy_6v2,1,1,0,0,,200,,0,,655,,,,0,,,,,,,
Shelf Deliveries,Centralized,Natural,mistral 7b,tiny_balanced_1v1,1,1,0,0,,200,,0,,930,,,,0,,,,,,,
Shelf Deliveries,Centralized,Natural,mistral 7b,small_picker_heavy_2v4,1,1,0,0,,200,,0,,420,,,,0,,,,,,,
Shelf Deliveries,Centralized,Natural,mistral 7b,small_balanced_2v2,1,1,0,1,,370,,2.7027027027,,575.675675676,,213,,0,,,,,,170,
Shelf Deliveries,Centralized,Natural,mistral 7b,small_agv_heavy_4v2,1,1,0,0,,200,,0,,815,,,,0,,,,,,,
Shelf Deliveries,Centralized,Natural,mistral 7b,medium_balanced_4v4,1,1,0,0,,200,,0,,920,,,,0.0054347826087,,,,,,,
Shelf Deliveries,Centralized,Natural,mistral 7b,medium_agv_heavy_6v2,1,1,0,0,,200,,0,,1000,,,,0,,,,,,,
Shelf Deliveries,Centralized,Natural,gemma 12b,tiny_balanced_1v1,1,1,0,1,,283,,3.53356890459,,332.155477032,,94,,0,,,,,,83,
Shelf Deliveries,Centralized,Natural,gemma 12b,small_picker_heavy_2v4,1,1,0,0,,200,,0,,480,,,,0,,,,,,,
Shelf Deliveries,Centralized,Natural,gemma 12b,small_balanced_2v2,1,1,0,0,,200,,0,,635,,,,0,,,,,,,
Shelf Deliveries,Centralized,Natural,gemma 12b,small_agv_heavy_4v2,1,1,0,0,,200,,0,,705,,,,0,,,,,,,
Shelf Deliveries,Centralized,Natural,gemma 12b,medium_balanced_4v4,1,1,0,0,,200,,0,,895,,,,0,,,,,,,
Shelf Deliveries,Centralized,Natural,gemma 12b,medium_agv_heavy_6v2,1,1,0,0,,200,,0,,920,,,,0,,,,,,,
Shelf Deliveries,Centralized,Natural,phi4,tiny_balanced_1v1,1,1,0,1,,233,,4.29184549356,,489.270386266,,114,,0,,,,,,33,
Shelf Deliveries,Centralized,Natural,phi4,small_picker_heavy_2v4,1,1,0,0,,200,,0,,810,,,,0,,,,,,,
Shelf Deliveries,Centralized,Natural,phi4,small_balanced_2v2,1,1,0,2,,337,,5.93471810089,,442.136498516,,74.5,,0,,,,,,76,
Shelf Deliveries,Centralized,Natural,phi4,small_agv_heavy_4v2,1,1,0,3,,459,,6.53594771242,,686.274509804,,105,,0,,,,,,112,
Shelf Deliveries,Centralized,Natural,phi4,medium_balanced_4v4,1,1,0,0,,200,,0,,910,,,,0,,,,,,,
Shelf Deliveries,Centralized,Natural,phi4,medium_agv_heavy_6v2,1,1,0,0,,200,,0,,860,,,,0,,,,,,,
Shelf Deliveries,Centralized,Natural,qwen 14b (2.5),tiny_balanced_1v1,1,1,0,1,,232,,4.31034482759,,120.689655172,,28,,0,,,,,,32,
Shelf Deliveries,Centralized,Natural,qwen 14b (2.5),small_picker_heavy_2v4,1,1,0,1,,368,,2.71739130435,,377.717391304,,139,,0,,,,,,168,
Shelf Deliveries,Centralized,Natural,qwen 14b (2.5),small_balanced_2v2,1,1,0,2,,366,,5.46448087432,,551.912568306,,101,,0,,,,,,116,
Shelf Deliveries,Centralized,Natural,qwen 14b (2.5),small_agv_heavy_4v2,1,1,0,0,,200,,0,,1000,,,,0,,,,,,,
Shelf Deliveries,Centralized,Natural,qwen 14b (2.5),medium_balanced_4v4,1,1,0,0,,200,,0,,745,,,,0,,,,,,,
Shelf Deliveries,Centralized,Natural,qwen 14b (2.5),medium_agv_heavy_6v2,1,1,0,0,,200,,0,,565,,,,0,,,,,,,
Shelf Deliveries,Shared,Json,llama 1b (3.2),tiny_balanced_1v1,1,1,0,0,,200,,0,,615,,,,0,,0,,,,,
Shelf Deliveries,Shared,Json,llama 1b (3.2),small_picker_heavy_2v4,1,1,0,0,,200,,0,,1690,,,,0,,0,,,,,
Shelf Deliveries,Shared,Json,llama 1b (3.2),small_balanced_2v2,1,1,0,0,,200,,0,,930,,,,0,,0,,,,,
Shelf Deliveries,Shared,Json,llama 1b (3.2),small_agv_heavy_4v2,1,1,0,0,,200,,0,,970,,,,0,,0,,,,,
Shelf Deliveries,Shared,Json,llama 1b (3.2),medium_balanced_4v4,1,1,0,0,,200,,0,,1090,,,,0,,0,,,,,
Shelf Deliveries,Shared,Json,llama 1b (3.2),medium_agv_heavy_6v2,1,1,0,0,,200,,0,,2005,,,,0,,0,,,,,
Shelf Deliveries,Shared,Json,llama 3b (3.2),tiny_balanced_1v1,1,1,0,0,,200,,0,,510,,,,0,,0,,,,,
Shelf Deliveries,Shared,Json,llama 3b (3.2),small_picker_heavy_2v4,1,1,0,0,,200,,0,,1420,,,,0,,0,,,,,
Shelf Deliveries,Shared,Json,llama 3b (3.2),small_balanced_2v2,1,1,0,0,,200,,0,,855,,,,0,,0,,,,,
Shelf Deliveries,Shared,Json,llama 3b (3.2),small_agv_heavy_4v2,1,1,0,0,,200,,0,,965,,,,0,,0,,,,,
Shelf Deliveries,Shared,Json,llama 3b (3.2),medium_balanced_4v4,1,1,0,0,,200,,0,,340,,,,0,,0,,,,,
Shelf Deliveries,Shared,Json,llama 3b (3.2),medium_agv_heavy_6v2,1,1,0,0,,200,,0,,430,,,,0,,0,,,,,
Shelf Deliveries,Shared,Json,mistral 7b,tiny_balanced_1v1,1,1,0,0,,200,,0,,1350,,,,0,,0,,,,,
Shelf Deliveries,Shared,Json,mistral 7b,small_picker_heavy_2v4,1,1,0,0,,200,,0,,1305,,,,0,,0,,,,,
Shelf Deliveries,Shared,Json,mistral 7b,small_balanced_2v2,1,1,0,0,,200,,0,,990,,,,0,,0,,,,,
Shelf Deliveries,Shared,Json,mistral 7b,small_agv_heavy_4v2,1,1,0,0,,200,,0,,790,,,,0,,0,,,,,
Shelf Deliveries,Shared,Json,mistral 7b,medium_balanced_4v4,1,1,0,0,,200,,0,,350,,,,0,,0,,,,,
Shelf Deliveries,Shared,Json,mistral 7b,medium_agv_heavy_6v2,1,1,0,0,,200,,0,,360,,,,0,,0,,,,,
Shelf Deliveries,Shared,Json,gemma 12b,tiny_balanced_1v1,1,1,0,0,,200,,0,,830,,,,0,,0,,,,,
Shelf Deliveries,Shared,Json,gemma 12b,small_picker_heavy_2v4,1,1,0,0,,200,,0,,655,,,,0,,0,,,,,
Shelf Deliveries,Shared,Json,gemma 12b,small_balanced_2v2,1,1,0,0,,200,,0,,1090,,,,0,,0,,,,,
Shelf Deliveries,Shared,Json,gemma 12b,small_agv_heavy_4v2,1,1,0,0,,200,,0,,700,,,,0,,0,,,,,
Shelf Deliveries,Shared,Json,gemma 12b,medium_balanced_4v4,1,1,0,0,,200,,0,,1270,,,,0,,0,,,,,
Shelf Deliveries,Shared,Json,gemma 12b,medium_agv_heavy_6v2,1,1,0,0,,200,,0,,870,,,,0,,0,,,,,
Shelf Deliveries,Shared,Json,phi4,tiny_balanced_1v1,1,1,0,0,,200,,0,,1430,,,,0,,0,,,,,
Shelf Deliveries,Shared,Json,phi4,small_picker_heavy_2v4,1,1,0,0,,200,,0,,2020,,,,0,,0,,,,,
Shelf Deliveries,Shared,Json,phi4,small_balanced_2v2,1,1,0,0,,200,,0,,1620,,,,0,,0,,,,,
Shelf Deliveries,Shared,Json,phi4,small_agv_heavy_4v2,1,1,0,0,,200,,0,,1950,,,,0,,0,,,,,
Shelf Deliveries,Shared,Json,phi4,medium_balanced_4v4,1,1,0,0,,200,,0,,3870,,,,0,,0,,,,,
Shelf Deliveries,Shared,Json,phi4,medium_agv_heavy_6v2,1,1,0,0,,200,,0,,2325,,,,0,,0,,,,,
Shelf Deliveries,Shared,Json,qwen 14b (2.5),tiny_balanced_1v1,1,1,0,0,,200,,0,,1460,,,,0,,0,,,,,
Shelf Deliveries,Shared,Json,qwen 14b (2.5),small_picker_heavy_2v4,1,1,0,0,,200,,0,,785,,,,0,,0,,,,,
Shelf Deliveries,Shared,Json,qwen 14b (2.5),small_balanced_2v2,1,1,0,0,,200,,0,,910,,,,0,,0,,,,,
Shelf Deliveries,Shared,Json,qwen 14b (2.5),small_agv_heavy_4v2,1,1,0,0,,200,,0,,345,,,,0,,0,,,,,
Shelf Deliveries,Shared,Json,qwen 14b (2.5),medium_balanced_4v4,1,1,0,0,,200,,0,,1365,,,,0,,0,,,,,
Shelf Deliveries,Shared,Json,qwen 14b (2.5),medium_agv_heavy_6v2,1,1,0,0,,200,,0,,1795,,,,0,,0,,,,,
Shelf Deliveries,Shared,Natural,llama 1b (3.2),tiny_balanced_1v1,1,1,0,1,,353,,2.8328611898,,345.609065156,,122,,0.016393442623,,,,,,153,
Shelf Deliveries,Shared,Natural,llama 1b (3.2),small_picker_heavy_2v4,1,1,0,1,,374,,2.67379679144,,743.315508021,,278,,0.0107913669065,,,,,,174,
Shelf Deliveries,Shared,Natural,llama 1b (3.2),small_balanced_2v2,1,1,0,0,,200,,0,,510,,,,0.00980392156863,,,,,,,
Shelf Deliveries,Shared,Natural,llama 1b (3.2),small_agv_heavy_4v2,1,1,0,1,,341,,2.93255131965,,762.463343109,,260,,0.00384615384615,,,,,,141,
Shelf Deliveries,Shared,Natural,llama 1b (3.2),medium_balanced_4v4,1,1,0,0,,200,,0,,885,,,,0.00564971751412,,,,,,,
Shelf Deliveries,Shared,Natural,llama 1b (3.2),medium_agv_heavy_6v2,1,1,0,0,,200,,0,,710,,,,0.00704225352113,,,,,,,
Shelf Deliveries,Shared,Natural,llama 3b (3.2),tiny_balanced_1v1,1,1,0,1,,270,,3.7037037037,,333.333333333,,90,,0,,,,,,70,
Shelf Deliveries,Shared,Natural,llama 3b (3.2),small_picker_heavy_2v4,1,1,0,0,,200,,0,,795,,,,0,,,,,,,
Shelf Deliveries,Shared,Natural,llama 3b (3.2),small_balanced_2v2,1,1,0,2,,341,,5.8651026393,,656.891495601,,112,,0,,,,,,135,
Shelf Deliveries,Shared,Natural,llama 3b (3.2),small_agv_heavy_4v2,1,1,0,1,,369,,2.71002710027,,962.059620596,,355,,0,,,,,,169,
Shelf Deliveries,Shared,Natural,llama 3b (3.2),medium_balanced_4v4,1,1,0,2,,416,,4.80769230769,,872.596153846,,181.5,,0,,,,,,151,
Shelf Deliveries,Shared,Natural,llama 3b (3.2),medium_agv_heavy_6v2,1,1,0,0,,200,,0,,545,,,,0,,,,,,,
Shelf Deliveries,Shared,Natural,mistral 7b,tiny_balanced_1v1,1,1,0,1,,284,,3.52112676056,,235.915492958,,67,,0,,,,,,84,
Shelf Deliveries,Shared,Natural,mistral 7b,small_picker_heavy_2v4,1,1,0,1,,399,,2.50626566416,,884.711779449,,353,,0,,,,,,199,
Shelf Deliveries,Shared,Natural,mistral 7b,small_balanced_2v2,1,1,0,2,,346,,5.78034682081,,817.919075145,,141.5,,0,,,,,,59,
Shelf Deliveries,Shared,Natural,mistral 7b,small_agv_heavy_4v2,1,1,0,0,,200,,0,,625,,,,0,,,,,,,
Shelf Deliveries,Shared,Natural,mistral 7b,medium_balanced_4v4,1,1,0,0,,200,,0,,1615,,,,0.0526315789474,,,,,,,
Shelf Deliveries,Shared,Natural,mistral 7b,medium_agv_heavy_6v2,1,1,0,0,,200,,0,,1985,,,,0.0780856423174,,,,,,,
Shelf Deliveries,Shared,Natural,gemma 12b,tiny_balanced_1v1,1,1,0,1,,283,,3.53356890459,,519.434628975,,147,,0,,,,,,83,
Shelf Deliveries,Shared,Natural,gemma 12b,small_picker_heavy_2v4,1,1,0,0,,200,,0,,1715,,,,0,,,,,,,
Shelf Deliveries,Shared,Natural,gemma 12b,small_balanced_2v2,1,1,0,1,,332,,3.01204819277,,825.301204819,,274,,0,,,,,,132,
Shelf Deliveries,Shared,Natural,gemma 12b,small_agv_heavy_4v2,1,1,0,1,,275,,3.63636363636,,989.090909091,,272,,0,,,,,,75,
Shelf Deliveries,Shared,Natural,gemma 12b,medium_balanced_4v4,1,1,0,0,,200,,0,,1845,,,,0.00542005420054,,,,,,,
Shelf Deliveries,Shared,Natural,gemma 12b,medium_agv_heavy_6v2,1,1,0,0,,200,,0,,1840,,,,0.00271739130435,,,,,,,
Shelf Deliveries,Shared,Natural,phi4,tiny_balanced_1v1,1,1,0,1,,279,,3.58422939068,,541.218637993,,151,,0,,,,,,79,
Shelf Deliveries,Shared,Natural,phi4,small_picker_heavy_2v4,1,1,0,0,,200,,0,,635,,,,0,,,,,,,
Shelf Deliveries,Shared,Natural,phi4,small_balanced_2v2,1,1,0,0,,200,,0,,645,,,,0,,,,,,,
Shelf Deliveries,Shared,Natural,phi4,small_agv_heavy_4v2,1,1,0,0,,200,,0,,840,,,,0,,,,,,,
Shelf Deliveries,Shared,Natural,phi4,medium_balanced_4v4,1,1,0,0,,200,,0,,1725,,,,0,,,,,,,
Shelf Deliveries,Shared,Natural,phi4,medium_agv_heavy_6v2,1,1,0,1,,315,,3.1746031746,,1120.63492063,,353,,0,,,,,,115,
Shelf Deliveries,Shared,Natural,qwen 14b (2.5),tiny_balanced_1v1,1,1,0,1,,278,,3.59712230216,,586.330935252,,163,,0,,,,,,78,
Shelf Deliveries,Shared,Natural,qwen 14b (2.5),small_picker_heavy_2v4,1,1,0,0,,200,,0,,935,,,,0,,,,,,,
Shelf Deliveries,Shared,Natural,qwen 14b (2.5),small_balanced_2v2,1,1,0,1,,271,,3.69003690037,,763.837638376,,207,,0,,,,,,71,
Shelf Deliveries,Shared,Natural,qwen 14b (2.5),small_agv_heavy_4v2,1,1,0,2,,373,,5.36193029491,,967.828418231,,180.5,,0.00277008310249,,,,,,93,
Shelf Deliveries,Shared,Natural,qwen 14b (2.5),medium_balanced_4v4,1,1,0,0,,200,,0,,830,,,,0,,,,,,,
Shelf Deliveries,Shared,Natural,qwen 14b (2.5),medium_agv_heavy_6v2,1,1,0,3,,488,,6.14754098361,,875,,142.333333333,,0.00234192037471,,,,,,157,
Battery,Centralized,Natural,gemma 12b,tiny_balanced_1v1,1,1,0,6,,1495,,4.01337792642,,759.866220736,,189.333333333,,0,,,,0.191304347826,,111,
Battery,Centralized,Natural,gemma 12b,small_balanced_2v2,1,1,0,10,,1590,,6.2893081761,,688.050314465,,109.4,,0.0091407678245,,,,0.144182389937,,167,
Battery,Centralized,Natural,gemma 12b,small_agv_heavy_4v2,1,1,0,9,,1352,,6.65680473373,,515.532544379,,77.4444444444,,0.159253945481,,,,0.0984960552268,,31,
Battery,Centralized,Natural,gemma 12b,medium_balanced_4v4,1,1,0,8,,1471,,5.43847722638,,646.498980286,,118.875,,0.19032597266,,,,0.12474507138,,59,
Battery,Centralized,Natural,gemma 12b,medium_agv_heavy_6v2,1,1,0,4,,1006,,3.97614314115,,618.290258449,,155.5,,0.123794212219,,,,0.0726888667992,,76,
Battery,Shared,Natural,llama 1b (3.2),tiny_balanced_1v1,4,2,0;100,5,1.82574185835,1100.25,330.223535402,4.56752801612,1.22112485702,550.711189215,75.8257975239,131.354166667,54.7514744855,0,0,,,0.21911781492,0.0895219420197,61.5,34.5398320783
Battery,Shared,Natural,llama 1b (3.2),small_picker_heavy_2v4,4,2,0;100,5,1.82574185835,879.5,211.629393044,5.55237836171,0.778456912881,2548.19051903,403.435558903,473.223214286,140.528437074,0,0,,,0.313053016677,0.211548458406,40.5,1.29099444874
Battery,Shared,Natural,llama 1b (3.2),small_balanced_2v2,4,2,0;100,6.5,5.80229839518,1193.75,633.459483051,4.38810819852,3.07361595334,965.157530888,403.191595688,201.723809524,33.7253048982,0,0,,,0.152042300074,0.0588226451071,64,21.2837966538
Battery,Shared,Natural,llama 1b (3.2),small_agv_heavy_4v2,4,2,0;100,12,5.94418483338,1202.75,497.711680259,9.68337889108,2.20575823426,1828.71557771,206.013878686,199.939849624,71.3388569951,0,0,,,0.132538484799,0.00489096119632,40.5,5
Battery,Shared,Natural,llama 1b (3.2),medium_balanced_4v4,4,2,0;100,9.25,4.34932945023,998,346.538117192,9.07850408019,1.86053425848,2991.42165934,739.486663793,354.702380952,167.206812415,0,0,,,0.0332200521154,0.0186787013571,44.5,5.74456264654
Battery,Shared,Natural,llama 1b (3.2),medium_agv_heavy_6v2,4,2,0;100,6.75,1.8929694486,768,228.214811088,8.97855413353,2.44138387975,2462.54953233,174.548262485,290.03125,78.6224082111,0,0,,,0.0212408112653,0.0262999217663,40.75,2.98607881119
Battery,Shared,Natural,llama 3b (3.2),tiny_balanced_1v1,4,2,0;100,8,9.05538513814,1157.25,715.73383088,5.07920073993,4.17297067025,1273.16429154,494.783200172,517.4875,469.23620984,0,0,,,0.309094237715,0.135759537213,41.5,3
Battery,Shared,Natural,llama 3b (3.2),small_picker_heavy_2v4,4,2,0;100,17,6,1701.5,517.580589538,9.84587334759,1.59753052156,2561.05153006,189.194213529,267.21875,60.7704539469,0,0,,,0.15040243956,0.0563730548783,40,6
Battery,Shared,Natural,llama 3b (3.2),small_balanced_2v2,4,2,0;100,7.5,5.06622805119,1301,824.490549774,5.59614292973,1.41754457621,1747.48485598,201.310894538,326.946428572,89.7364503822,0,0,,,0.185533442961,0.0280370799641,91,72.1017799133
Battery,Shared,Natural,llama 3b (3.2),small_agv_heavy_4v2,4,2,0;100,16,8,946,236.337329538,16.069681124,6.92357553817,2131.68904113,263.482242157,158.825,82.3824263218,0,0,,,0.105401740269,0.0457466090444,41.5,7
Battery,Shared,Natural,llama 3b (3.2),medium_balanced_4v4,4,2,0;100,16.25,5.6789083458,1113,209.246266394,14.4856598737,4.63358699048,2699.81680804,380.747136955,195.340441177,37.7804723498,0,0,,,0.0898753923925,0.046459982957,34.25,10.0124921973
Battery,Shared,Natural,llama 3b (3.2),medium_agv_heavy_6v2,4,2,0;100,18,4,902.5,104.857045543,20.4199939264,6.05845557982,2830.26756634,583.268395272,142.529166667,18.1363987147,0,0,,,0.120340610866,0.0626349688388,45,10
Battery,Shared,Natural,mistral 7b,tiny_balanced_1v1,4,2,0;100,7.5,1.29099444874,1107.75,116.631542332,6.80629257313,1.14999237816,1064.54171286,47.5201362597,160.812996032,35.3499090864,0.121674491393,0.243348982785,,,0.257685766179,0.00937572044577,105.75,57.9216424721
Battery,Shared,Natural,mistral 7b,small_picker_heavy_2v4,3,2,0;100,4.66666666667,2.51661147842,838,246.811669092,5.3496984833,1.98974934397,3032.05484693,154.960900273,633.004761905,267.1178179,0.000270822345315,0.000266224721134,,,0.268843313124,0.0525079499637,36.6666666667,10.9696551146
Battery,Shared,Natural,mistral 7b,small_balanced_2v2,3,2,0;100,9,4,1398.66666667,415.829692703,6.24108594629,1.21589175284,1458.43012539,371.015035705,231.887749288,20.456755029,0.000113301608883,0.000196244143165,,,0.224770477175,0.0569191818245,51,10.3923048454
Battery,Shared,Natural,mistral 7b,small_agv_heavy_4v2,3,2,0;100,15.6666666667,3.21455025366,1762.66666667,511.865542241,9.18987734388,2.45600352469,1755.75812467,321.25015859,205.592592592,82.5187844934,6.97788012003e-05,0.00012086042897,,,0.150852118501,0.0337673936395,45.6666666667,4.04145188433
Battery,Shared,Natural,mistral 7b,medium_balanced_4v4,3,2,0;100,12.6666666667,5.7735026919,1569.33333333,431.812845262,7.74932457966,1.97772101957,2437.64775883,1162.3234256,358.777777778,274.64049602,0.000116918040454,0.000202507986387,,,0.185562241952,0.0687789788083,48,1.73205080757
Battery,Shared,Natural,mistral 7b,medium_agv_heavy_6v2,3,2,0;100,16.3333333333,0.57735026919,1154,71.9235705454,14.2133920014,1.43754890056,2127.22134338,359.053806813,150.350490196,28.3290427062,0.000161108425971,0.000279047979309,,,0.124904881755,0.042199218577,38,1.73205080757
Battery,Shared,Natural,gemma 12b,tiny_balanced_1v1,2,2,0;100,8,9.89949493661,1084.5,777.110352524,5.52454271954,5.16949340369,585.332136034,346.687695082,136.233333333,64.7238407046,0,0,,,0.100117251399,0.0107393778628,55.5,28.9913780286
Battery,Shared,Natural,gemma 12b,small_picker_heavy_2v4,1,1,0,4,,1036,,3.861003861,,901.544401544,,233.5,,0,,,,0.14897039897,,24,
Battery,Shared,Natural,gemma 12b,small_balanced_2v2,1,1,0,0,,500,,0,,322,,,,0,,,,0.1025,,,
Battery,Shared,Natural,gemma 12b,small_agv_heavy_4v2,1,1,0,9,,1489,,6.04432505037,,740.765614506,,122.555555556,,0,,,,0.0808148645623,,41,
Battery,Shared,Natural,gemma 12b,medium_balanced_4v4,1,1,0,6,,809,,7.41656365884,,1469.71569839,,198.166666667,,0,,,,0.117583436341,,46,
Battery,Shared,Natural,gemma 12b,medium_agv_heavy_6v2,1,1,0,6,,951,,6.30914826498,,878.023133544,,139.166666667,,0,,,,0.0642744479495,,40,
Battery,Shared,Natural,phi4,tiny_balanced_1v1,1,1,0,1,,535,,1.8691588785,,177.570093458,,95,,0,,,,0.119626168224,,35,
Battery,Shared,Natural,phi4,small_picker_heavy_2v4,1,1,0,12,,1650,,7.27272727273,,1313.33333333,,180.583333333,,0,,,,0.169797979798,,24,
Battery,Shared,Natural,phi4,small_balanced_2v2,1,1,0,1,,572,,1.74825174825,,361.888111888,,207,,0,,,,0.10708041958,,72,
Battery,Shared,Natural,phi4,small_agv_heavy_4v2,1,1,0,10,,1352,,7.39644970414,,801.775147929,,108.4,,0,,,,0.0860453648915,,41,
Battery,Shared,Natural,phi4,medium_balanced_4v4,1,1,0,4,,610,,6.55737704918,,1898.36065574,,289.5,,0,,,,0.16393442623,,46,
Battery,Shared,Natural,phi4,medium_agv_heavy_6v2,1,1,0,4,,632,,6.32911392405,,618.670886076,,97.75,,0,,,,0.0658623417722,,32,
Battery,Shared,Natural,qwen 14b (2.5),tiny_balanced_1v1,1,1,0,1,,535,,1.8691588785,,340.186915888,,182,,0,,,,0.092523364486,,35,
Battery,Shared,Natural,qwen 14b (2.5),small_picker_heavy_2v4,1,1,0,9,,1137,,7.91556728232,,1859.27880387,,234.888888889,,0,,,,0.133245382586,,24,
Battery,Shared,Natural,qwen 14b (2.5),small_balanced_2v2,1,1,0,2,,942,,2.12314225053,,423.566878981,,199.5,,0,,,,0.10483014862,,72,
Battery,Shared,Natural,qwen 14b (2.5),small_agv_heavy_4v2,1,1,0,9,,1041,,8.64553314121,,1730.06724304,,200.111111111,,0,,,,0.0573166826769,,41,
Battery,Shared,Natural,qwen 14b (2.5),medium_balanced_4v4,1,1,0,5,,937,,5.33617929562,,1453.57524013,,272.4,,0,,,,0.148612593383,,49,
Battery,Shared,Natural,qwen 14b (2.5),medium_agv_heavy_6v2,1,1,0,5,,934,,5.35331905782,,657.3875803,,122.8,,0,,,,0.06852248394,,32,
Battery + Shelf,Centralized,Json,llama 1b (3.2),tiny_balanced_1v1,1,1,0,0,,500,,0,,520,,,,0,,0.130769230769,,0,,,
Battery + Shelf,Centralized,Json,llama 1b (3.2),small_picker_heavy_2v4,1,1,0,0,,500,,0,,982,,,,0,,0,,0,,,
Battery + Shelf,Centralized,Json,llama 1b (3.2),small_balanced_2v2,1,1,0,0,,500,,0,,596,,,,0.684563758389,,0.255033557047,,0,,,
Battery + Shelf,Centralized,Json,llama 1b (3.2),small_agv_heavy_4v2,1,1,0,0,,500,,0,,810,,,,0.345679012346,,0.217283950617,,0.00133333333333,,,
Battery + Shelf,Centralized,Json,llama 1b (3.2),medium_balanced_4v4,1,1,0,0,,500,,0,,600,,,,0.236666666667,,0.0866666666667,,0.0115,,,
Battery + Shelf,Centralized,Json,llama 1b (3.2),medium_agv_heavy_6v2,1,1,0,0,,500,,0,,736,,,,0.502717391304,,0.247282608696,,0.0375,,,
Battery + Shelf,Centralized,Json,llama 3b (3.2),tiny_balanced_1v1,1,1,0,0,,500,,0,,292,,,,0,,0,,0.117,,,
Battery + Shelf,Centralized,Json,llama 3b (3.2),small_picker_heavy_2v4,1,1,0,5,,1500,,3.33333333333,,854.666666667,,256.4,,0.39391575663,,0.00546021840874,,0.181555555556,,161,
Battery + Shelf,Centralized,Json,llama 3b (3.2),small_balanced_2v2,1,1,0,0,,500,,0,,698,,,,0.160458452722,,0,,0.1235,,,
Battery + Shelf,Centralized,Json,llama 3b (3.2),small_agv_heavy_4v2,1,1,0,0,,500,,0,,768,,,,0.296875,,0.00520833333333,,0.155333333333,,,
Battery + Shelf,Centralized,Json,llama 3b (3.2),medium_balanced_4v4,1,1,0,4,,1078,,3.71057513915,,905.380333952,,244,,0.277663934426,,0.00717213114754,,0.174165120594,,108,
Battery + Shelf,Centralized,Json,llama 3b (3.2),medium_agv_heavy_6v2,1,1,0,1,,756,,1.32275132275,,814.814814815,,616,,0.349025974026,,0,,0.16087962963,,256,
Battery + Shelf,Centralized,Json,mistral 7b,tiny_balanced_1v1,1,1,0,9,,1989,,4.52488687783,,389.643036702,,86.1111111111,,0.00129032258065,,0.00258064516129,,0.15811965812,,54,
Battery + Shelf,Centralized,Json,mistral 7b,small_picker_heavy_2v4,1,1,0,15,,3018,,4.97017892644,,856.527501657,,172.333333333,,0.00967117988395,,0.000386847195358,,0.205268389662,,71,
Battery + Shelf,Centralized,Json,mistral 7b,small_balanced_2v2,1,1,0,0,,500,,0,,344,,,,0,,0,,0.102,,,
Battery + Shelf,Centralized,Json,mistral 7b,small_agv_heavy_4v2,1,1,0,16,,2254,,7.09849157054,,649.068322981,,91.4375,,0.00341763499658,,0,,0.103741496599,,38,
Battery + Shelf,Centralized,Json,mistral 7b,medium_balanced_4v4,1,1,0,8,,1417,,5.64573041637,,913.90261115,,161.875,,0.0185328185328,,0.0023166023166,,0.164343683839,,52,
Battery + Shelf,Centralized,Json,mistral 7b,medium_agv_heavy_6v2,1,1,0,14,,2483,,5.63834071687,,708.01449859,,125.571428571,,0.0136518771331,,0.000568828213879,,0.0853302456706,,30,
Battery + Shelf,Centralized,Natural,llama 1b (3.2),tiny_balanced_1v1,1,1,0,0,,500,,0,,834,,,,0.00479616306954,,,,0.019,,,
Battery + Shelf,Centralized,Natural,llama 1b (3.2),small_picker_heavy_2v4,1,1,0,0,,500,,0,,848,,,,0.775943396226,,,,0.178,,,
Battery + Shelf,Centralized,Natural,llama 1b (3.2),small_balanced_2v2,1,1,0,0,,500,,0,,716,,,,0.709497206704,,,,0.0845,,,
Battery + Shelf,Centralized,Natural,llama 1b (3.2),small_agv_heavy_4v2,1,1,0,0,,500,,0,,818,,,,0.655256723716,,,,0.126333333333,,,
Battery + Shelf,Centralized,Natural,llama 1b (3.2),medium_balanced_4v4,1,1,0,1,,734,,1.36239782016,,938.692098093,,689,,0.795355587808,,,,0.182391008174,,234,
Battery + Shelf,Centralized,Natural,llama 1b (3.2),medium_agv_heavy_6v2,1,1,0,0,,500,,0,,844,,,,0.684834123223,,,,0.06775,,,
Battery + Shelf,Centralized,Natural,llama 3b (3.2),tiny_balanced_1v1,1,1,0,0,,500,,0,,590,,,,0.071186440678,,,,0.182,,,
Battery + Shelf,Centralized,Natural,llama 3b (3.2),small_picker_heavy_2v4,1,1,0,0,,500,,0,,890,,,,1.06741573034,,,,0.351666666667,,,
Battery + Shelf,Centralized,Natural,llama 3b (3.2),small_balanced_2v2,1,1,0,0,,500,,0,,542,,,,0.206642066421,,,,0.129,,,
Battery + Shelf,Centralized,Natural,llama 3b (3.2),small_agv_heavy_4v2,1,1,0,20,,2226,,8.98472596586,,789.757412399,,87.9,,0.381683731513,,,,0.147723869422,,164,
Battery + Shelf,Centralized,Natural,llama 3b (3.2),medium_balanced_4v4,1,1,0,20,,2490,,8.03212851406,,798.795180723,,99.45,,0.722473604827,,,,0.174899598394,,109,
Battery + Shelf,Centralized,Natural,llama 3b (3.2),medium_agv_heavy_6v2,1,1,0,20,,1948,,10.2669404517,,666.837782341,,64.95,,0.311778290993,,,,0.104016940452,,32,
Battery + Shelf,Centralized,Natural,mistral 7b,tiny_balanced_1v1,1,1,0,11,,3399,,3.23624595469,,501.912327155,,155.090909091,,0.300117233294,,,,0.202559576346,,326,
Battery + Shelf,Centralized,Natural,mistral 7b,small_picker_heavy_2v4,1,1,0,7,,1890,,3.7037037037,,874.074074074,,236,,0.743946731235,,,,0.275925925926,,84,
Battery + Shelf,Centralized,Natural,mistral 7b,small_balanced_2v2,1,1,0,4,,1171,,3.41588385995,,707.941929974,,207.25,,0.770808202654,,,,0.200256191289,,91,
Battery + Shelf,Centralized,Natural,mistral 7b,small_agv_heavy_4v2,1,1,0,7,,1231,,5.68643379366,,562.956945573,,99,,0.535353535354,,,,0.134443541836,,58,
Battery + Shelf,Centralized,Natural,mistral 7b,medium_balanced_4v4,1,1,0,7,,1497,,4.67601870407,,804.943219773,,172.142857143,,0.646473029046,,,,0.202822311289,,169,
Battery + Shelf,Centralized,Natural,mistral 7b,medium_agv_heavy_6v2,1,1,0,13,,2268,,5.73192239859,,543.209876543,,94.7692307692,,0.629058441558,,,,0.0975529100529,,65,
Battery + Shelf,Shared,Json,llama 1b (3.2),tiny_balanced_1v1,1,1,0,1,,593,,1.68634064081,,998.313659359,,592,,0,,0,,0.00505902192243,,93,
Battery + Shelf,Shared,Json,llama 1b (3.2),small_picker_heavy_2v4,1,1,0,3,,813,,3.69003690037,,2403.44403444,,651.333333333,,0,,0,,0.0727757277573,,23,
Battery + Shelf,Shared,Json,llama 1b (3.2),small_balanced_2v2,1,1,0,3,,620,,4.83870967742,,2116.12903226,,437.333333333,,0,,0,,0.0213709677419,,46,
Battery + Shelf,Shared,Json,llama 1b (3.2),small_agv_heavy_4v2,1,1,0,5,,1517,,3.29597890574,,2403.42781806,,729.2,,0,,0,,0.0383432212701,,24,
Battery + Shelf,Shared,Json,llama 1b (3.2),medium_balanced_4v4,1,1,0,3,,598,,5.01672240803,,2229.09698997,,444.333333333,,0,,0,,0.00710702341137,,66,
Battery + Shelf,Shared,Json,llama 1b (3.2),medium_agv_heavy_6v2,1,1,0,3,,595,,5.04201680672,,3934.45378151,,780.333333333,,0,,0,,0.00357142857143,,29,
Battery + Shelf,Shared,Json,llama 3b (3.2),tiny_balanced_1v1,1,1,0,2,,585,,3.4188034188,,562.393162393,,164.5,,0,,0,,0.11452991453,,35,
Battery + Shelf,Shared,Json,llama 3b (3.2),small_picker_heavy_2v4,1,1,0,17,,3497,,4.86130969402,,1763.51158136,,362.764705882,,0,,0,,0.16881136212,,34,
Battery + Shelf,Shared,Json,llama 3b (3.2),small_balanced_2v2,1,1,0,2,,573,,3.49040139616,,743.455497382,,213,,0,,0,,0.0885689354276,,39,
Battery + Shelf,Shared,Json,llama 3b (3.2),small_agv_heavy_4v2,1,1,0,10,,2493,,4.01123144805,,1267.95026073,,316.1,,0,,0,,0.111579088113,,58,
Battery + Shelf,Shared,Json,llama 3b (3.2),medium_balanced_4v4,1,1,0,7,,1145,,6.1135371179,,2372.92576419,,388.142857143,,0,,0,,0.146179039301,,46,
Battery + Shelf,Shared,Json,llama 3b (3.2),medium_agv_heavy_6v2,1,1,0,3,,592,,5.06756756757,,1432.43243243,,282.666666667,,0,,0,,0.0644003378378,,40,
Battery + Shelf,Shared,Json,mistral 7b,tiny_balanced_1v1,1,1,0,1,,534,,1.87265917603,,455.056179775,,243,,0.00411522633745,,0,,0.0758426966292,,34,
Battery + Shelf,Shared,Json,mistral 7b,small_picker_heavy_2v4,1,1,0,4,,705,,5.67375886525,,3072.34042553,,541.5,,0.0129270544783,,0,,0.446808510638,,24,
Battery + Shelf,Shared,Json,mistral 7b,small_balanced_2v2,1,1,0,0,,500,,0,,278,,,,0,,0,,0.094,,,
Battery + Shelf,Shared,Json,mistral 7b,small_agv_heavy_4v2,1,1,0,6,,812,,7.38916256158,,1219.21182266,,165,,0,,0,,0.146756978654,,41,
Battery + Shelf,Shared,Json,mistral 7b,medium_balanced_4v4,1,1,0,7,,838,,8.35322195704,,1460.62052506,,174.857142857,,0.00571895424837,,0,,0.123210023866,,46,
Battery + Shelf,Shared,Json,mistral 7b,medium_agv_heavy_6v2,1,1,0,5,,755,,6.62251655629,,805.298013245,,121.6,,0.00493421052632,,0,,0.0756622516556,,39,
Battery + Shelf,Shared,Json,gemma 12b,tiny_balanced_1v1,1,1,0,6,,1180,,5.08474576271,,1429.66101695,,281.166666667,,0,,0,,0.0843220338983,,35,
Battery + Shelf,Shared,Json,gemma 12b,small_picker_heavy_2v4,1,1,0,0,,500,,0,,4042,,,,0,,0,,0.322333333333,,,
Battery + Shelf,Shared,Json,gemma 12b,small_balanced_2v2,1,1,0,1,,618,,1.61812297735,,467.637540453,,289,,0,,0,,0.107200647249,,118,
Battery + Shelf,Shared,Json,gemma 12b,small_agv_heavy_4v2,1,1,0,6,,831,,7.2202166065,,1641.39590854,,227.333333333,,0,,0,,0.108704372242,,84,
Battery + Shelf,Shared,Json,gemma 12b,medium_balanced_4v4,1,1,0,2,,1053,,1.89933523267,,4703.7037037,,2476.5,,0,,0,,0.136752136752,,168,
Battery + Shelf,Shared,Json,gemma 12b,medium_agv_heavy_6v2,1,1,0,1,,778,,1.2853470437,,3614.39588689,,2812,,0,,0,,0.162275064267,,278,
Battery + Shelf,Shared,Natural,llama 1b (3.2),tiny_balanced_1v1,1,1,0,3,,724,,4.14364640884,,716.850828729,,173,,0,,,,0.497237569061,,61,
Battery + Shelf,Shared,Natural,llama 1b (3.2),small_picker_heavy_2v4,1,1,0,2,,600,,3.33333333333,,2501.66666667,,750.5,,0,,,,0.588333333333,,92,
Battery + Shelf,Shared,Natural,llama 1b (3.2),small_balanced_2v2,1,1,0,0,,500,,0,,604,,,,0,,,,0.0985,,,
Battery + Shelf,Shared,Natural,llama 1b (3.2),small_agv_heavy_4v2,1,1,0,8,,989,,8.08897876643,,1206.26895854,,149.125,,0,,,,0.164307381193,,75,
Battery + Shelf,Shared,Natural,llama 1b (3.2),medium_balanced_4v4,1,1,0,8,,832,,9.61538461538,,2623.79807692,,272.875,,0,,,,0.0174278846154,,42,
Battery + Shelf,Shared,Natural,llama 1b (3.2),medium_agv_heavy_6v2,1,1,0,9,,910,,9.89010989011,,2993.40659341,,302.666666667,,0,,,,0.241071428571,,75,
Battery + Shelf,Shared,Natural,llama 3b (3.2),tiny_balanced_1v1,1,1,0,2,,633,,3.15955766193,,960.505529226,,304,,0,,,,0.14691943128,,37,
Battery + Shelf,Shared,Natural,llama 3b (3.2),small_picker_heavy_2v4,1,1,0,18,,2451,,7.34394124847,,2090.5752754,,284.666666667,,0,,,,0.15605875153,,213,
Battery + Shelf,Shared,Natural,llama 3b (3.2),small_balanced_2v2,1,1,0,18,,2691,,6.6889632107,,1170.19695281,,174.944444444,,0,,,,0.183110367893,,70,
Battery + Shelf,Shared,Natural,llama 3b (3.2),small_agv_heavy_4v2,1,1,0,20,,1132,,17.667844523,,2085.68904594,,118.05,,0,,,,0.136778563015,,31,
Battery + Shelf,Shared,Natural,llama 3b (3.2),medium_balanced_4v4,1,1,0,20,,1526,,13.1061598952,,2828.96461337,,215.85,,0,,,,0.144495412844,,113,
Battery + Shelf,Shared,Natural,llama 3b (3.2),medium_agv_heavy_6v2,1,1,0,20,,1138,,17.5746924429,,2431.45869947,,138.35,,0,,,,0.0968804920914,,45,
Battery + Shelf,Shared,Natural,mistral 7b,tiny_balanced_1v1,1,1,0,3,,719,,4.17246175243,,1105.70236439,,265,,0.438993710692,,,,0.355354659249,,40,
Battery + Shelf,Shared,Natural,gemma 12b,tiny_balanced_1v1,1,1,0,15,,1827,,8.21018062397,,656.267104543,,79.9333333333,,0,,,,0.117952928298,,35,
Battery + Shelf,Shared,Natural,gemma 12b,small_picker_heavy_2v4,1,1,0,6,,933,,6.4308681672,,939.978563773,,146.166666667,,0,,,,0.141836370132,,24,
Battery + Shelf,Shared,Natural,gemma 12b,small_balanced_2v2,1,1,0,0,,500,,0,,266,,,,0,,,,0.1,,,
Battery + Shelf,Shared,Natural,gemma 12b,small_agv_heavy_4v2,1,1,0,14,,1878,,7.45473908413,,861.55484558,,115.571428571,,0,,,,0.0850195243166,,41,
Battery + Shelf,Shared,Natural,gemma 12b,medium_balanced_4v4,1,1,0,4,,601,,6.65557404326,,1499.16805324,,225.25,,0,,,,0.116264559068,,46,
Battery + Shelf,Shared,Natural,gemma 12b,medium_agv_heavy_6v2,1,1,0,9,,1003,,8.97308075773,,1281.15653041,,142.777777778,,0,,,,0.104935194417,,40,
