,,,,,,,,,sum(occupied_stations over steps) / sum(total_stations over steps),,,,,
Objective,Arch,Prompt,Model,Scenario,Seed,llm_calls,json_generation_failures,llm_missing_or_invalid_actions,charging_station_utilization_rate,elapsed_seconds,steps to first delivery,total deliveries,total steps,summary_json_path
Calls,Centralized,Json,llama 1b (3.2),tiny_balanced_1v1,0,478,1,2,0,3012.43036747,,0,500,Battery-TA-RWARE/results/calls/centralized/json/valid_session1/llama3.2_1b/session1/tiny_balanced_1v1/json/summary.json
,,,,small_balanced_2v2,0,491,0,0,0,2611.15336275,,0,500,Battery-TA-RWARE/results/calls/centralized/json/valid_session1/llama3.2_1b/session1/small_balanced_2v2/json/summary.json
,,,,small_agv_heavy_4v2,0,492,0,5,0,2684.81530523,,0,500,Battery-TA-RWARE/results/calls/centralized/json/session_20260422_083558/llama3.2_1b/small_agv_heavy_4v2/json/summary.json
,,,,medium_balanced_4v4,0,491,0,1,0.00125,4354.24140263,,0,500,Battery-TA-RWARE/results/calls/centralized/json/session_20260422_083558/llama3.2_1b/medium_balanced_4v4/json/summary.json
,,,,medium_agv_heavy_6v2,0,342,0,167,0.003,1360.29159045,,0,500,Battery-TA-RWARE/results/calls/centralized/json/valid_session1/llama3.2_1b/session1/medium_agv_heavy_6v2/json/summary.json
Calls,Centralized,Json,mistral 7b,tiny_balanced_1v1,0,287,0,300,0.258,15302.4319603,,0,500,Battery-TA-RWARE/results/calls/centralized/json/valid_session1/mistral_7b/tiny_balanced_1v1/json/summary.json
,,,,small_picker_heavy_2v4,0,936,0,3482,0.291623578077,55742.3207576,104,3,967,Battery-TA-RWARE/results/calls/centralized/json/session_cps_mistral/small_picker_heavy_2v4/mistral_7b/small_picker_heavy_2v4/json/summary.json
,,,,small_balanced_2v2,0,953,0,2014,0.263018534863,55797.8372772,106,3,1133,Battery-TA-RWARE/results/calls/centralized/json/valid_session1/mistral_7b/small_balanced_2v2/json/summary.json
,,,,small_agv_heavy_4v2,0,1081,0,4184,0.243228747654,64589.1196225,111,5,1243,Battery-TA-RWARE/results/calls/centralized/json/valid_session1/mistral_7b/small_agv_heavy_4v2/json/summary.json
,,,,medium_balanced_4v4,0,479,0,3218,0,29059.2180605,,0,500,Battery-TA-RWARE/results/calls/centralized/json/valid_session1/mistral_7b/medium_balanced_4v4/json/summary.json
,,,,medium_agv_heavy_6v2,0,500,0,4000,0,30267.38552,,0,500,Battery-TA-RWARE/results/calls/centralized/json/valid_session1/mistral_7b/medium_agv_heavy_6v2/json/summary.json
Calls,Centralized,Json,gemma 12b,tiny_balanced_1v1,0,802,0,0,0.177267002519,12874.5812809,48,9,1588,Battery-TA-RWARE/results/calls/centralized/json/valid_session1/gemma3_12b/tiny_balanced_1v1/json/summary.json
,,,,small_picker_heavy_2v4,0,945,3,45,0.187240970989,27042.8690436,99,3,1126,Battery-TA-RWARE/results/calls/centralized/json/valid_session1/gemma3_12b/small_picker_heavy_2v4/json/summary.json
,,,,small_balanced_2v2,0,143,0,0,0.0995,2732.91641235,,0,500,Battery-TA-RWARE/results/calls/centralized/json/valid_session1/gemma3_12b/small_balanced_2v2/json/summary.json
,,,,small_agv_heavy_4v2,0,634,0,6,0.097975708502,14183.5999446,45,8,1235,Battery-TA-RWARE/results/calls/centralized/json/valid_session1/gemma3_12b/small_agv_heavy_4v2/json/summary.json
,,,,medium_balanced_4v4,0,1327,1,67,0.134952004517,43527.3778443,209,8,1771,Battery-TA-RWARE/results/calls/centralized/json/valid_session1/gemma3_12b/medium_balanced_4v4/json/summary.json
,,,,medium_agv_heavy_6v2,0,1035,1,45,0.135957446809,26016.9079466,190,3,1175,Battery-TA-RWARE/results/calls/centralized/json/valid_session1/gemma3_12b/medium_agv_heavy_6v2/json/summary.json
Calls,Centralized,Natural,llama 1b (3.2),tiny_balanced_1v1,0,193,NA,0,0.057,2161.73289919,,0,500,Battery-TA-RWARE/results/calls/centralized/natural/session_20260423_193725/llama3.2_1b/tiny_balanced_1v1/language/summary.json
,,,,small_picker_heavy_2v4,0,443,NA,161,0.124333333333,5438.21912503,,0,500,Battery-TA-RWARE/results/calls/centralized/natural/session_20260423_193725/llama3.2_1b/small_picker_heavy_2v4/language/summary.json
,,,,small_balanced_2v2,0,425,NA,138,0.1855,4883.98770428,,0,500,Battery-TA-RWARE/results/calls/centralized/natural/session_20260423_193725/llama3.2_1b/small_balanced_2v2/language/summary.json
,,,,small_agv_heavy_4v2,0,351,NA,230,0.138333333333,4407.68746781,,0,500,Battery-TA-RWARE/results/calls/centralized/natural/session_20260423_075701/llama3.2_1b/small_agv_heavy_4v2/language/summary.json
,,,,medium_balanced_4v4,0,680,NA,474,0.124830852503,9811.22831321,239,1,739,Battery-TA-RWARE/results/calls/centralized/natural/session_20260423_193725/llama3.2_1b/medium_balanced_4v4/language/summary.json
,,,,medium_agv_heavy_6v2,0,438,NA,346,0.06125,5798.71483159,,0,500,Battery-TA-RWARE/results/calls/centralized/natural/session_20260423_193725/llama3.2_1b/medium_agv_heavy_6v2/language/summary.json
Calls,Centralized,Natural,llama 3b (3.2),tiny_balanced_1v1,0,491,NA,45,0.121274409044,5081.87369585,473,1,973,Battery-TA-RWARE/results/calls/centralized/natural/session_20260423_193725/llama3.2_3b/tiny_balanced_1v1/language/summary.json
,,,,small_picker_heavy_2v4,0,1358,NA,651,0.235244161359,19751.9443719,67,4,1570,Battery-TA-RWARE/results/calls/centralized/natural/session_20260423_193725/llama3.2_3b/small_picker_heavy_2v4/language/summary.json
,,,,small_balanced_2v2,0,574,NA,387,0.165322580645,5611.67533207,306,1,806,Battery-TA-RWARE/results/calls/centralized/natural/session_20260423_193725/llama3.2_3b/small_balanced_2v2/language/summary.json
,,,,small_agv_heavy_4v2,0,2457,NA,580,0.157044242234,27384.2953832,411,18,3187,Battery-TA-RWARE/results/calls/centralized/natural/session_20260423_193725/llama3.2_3b/small_agv_heavy_4v2/language/summary.json
,,,,medium_balanced_4v4,0,3292,NA,1193,0.180948098664,49822.2280526,261,16,3892,Battery-TA-RWARE/results/calls/centralized/natural/session_20260423_193725/llama3.2_3b/medium_balanced_4v4/language/summary.json
,,,,medium_agv_heavy_6v2,0,2221,NA,554,0.15615981241,28856.3513865,50,19,2772,Battery-TA-RWARE/results/calls/centralized/natural/session_20260423_193725/llama3.2_3b/medium_agv_heavy_6v2/language/summary.json
Calls,Centralized,Natural,mistral 7b,tiny_balanced_1v1,0,1220,NA,803,0.236063984489,38112.2118821,375,5,2063,Battery-TA-RWARE/results/calls/centralized/natural/session_20260423_193725/mistral_7b/tiny_balanced_1v1/language/summary.json
,,,,small_picker_heavy_2v4,0,674,NA,2690,0.281151596941,34329.4517858,51,2,741,Battery-TA-RWARE/results/calls/centralized/natural/session_20260423_193725/mistral_7b/small_picker_heavy_2v4/language/summary.json
,,,,small_balanced_2v2,0,1157,NA,1045,0.1978926097,33440.6471047,74,6,1732,Battery-TA-RWARE/results/calls/centralized/natural/session_20260423_193725/mistral_7b/small_balanced_2v2/language/summary.json
,,,,small_agv_heavy_4v2,0,500,NA,2958,0,29828.9495821,,0,500,Battery-TA-RWARE/results/calls/centralized/natural/session_20260423_193725/mistral_7b/small_agv_heavy_4v2/language/summary.json
,,,,medium_balanced_4v4,0,690,NA,4323,0.138583218707,39976.0180697,227,1,727,Battery-TA-RWARE/results/calls/centralized/natural/session_20260423_193725/mistral_7b/medium_balanced_4v4/language/summary.json
,,,,medium_agv_heavy_6v2,0,623,NA,3842,0.0969893292683,35785.4243054,76,3,656,Battery-TA-RWARE/results/calls/centralized/natural/session_20260423_193725/mistral_7b/medium_agv_heavy_6v2/language/summary.json
Calls,Shared,Json,llama 1b (3.2),tiny_balanced_1v1,0,856,0,0,0,855.490702868,,0,500,Battery-TA-RWARE/results/calls/shared_context/json/session_20260401_121402/llama3.2_1b/tiny_balanced_1v1/json/summary.json
,,,,small_picker_heavy_2v4,0,1673,0,0,0.0213333333333,1985.38535404,,0,500,Battery-TA-RWARE/results/calls/shared_context/json/session_20260401_121402/llama3.2_1b/small_picker_heavy_2v4/json/summary.json
,,,,small_balanced_2v2,0,826,0,0,0.187,858.972461462,,0,500,Battery-TA-RWARE/results/calls/shared_context/json/session_20260401_121402/llama3.2_1b/small_balanced_2v2/json/summary.json
,,,,small_agv_heavy_4v2,0,1603,0,0,0.0556666666667,1743.20202899,,0,500,Battery-TA-RWARE/results/calls/shared_context/json/session_20260401_121402/llama3.2_1b/small_agv_heavy_4v2/json/summary.json
,,,,medium_balanced_4v4,0,2207,0,0,0.243,3147.92402124,,0,500,Battery-TA-RWARE/results/calls/shared_context/json/session_20260401_121402/llama3.2_1b/medium_balanced_4v4/json/summary.json
,,,,medium_agv_heavy_6v2,0,1662,0,0,0.0935,2765.95587444,,0,500,Battery-TA-RWARE/results/calls/shared_context/json/session_20260401_121402/llama3.2_1b/medium_agv_heavy_6v2/json/summary.json
Calls,Shared,Json,llama 3b (3.2),tiny_balanced_1v1,0,658,0,0,0,1028.2259438,,0,500,Battery-TA-RWARE/results/calls/shared_context/json/session_20260401_121402/llama3.2_3b/tiny_balanced_1v1/json/summary.json
,,,,small_picker_heavy_2v4,0,1042,0,0,0.133666666667,1626.94286203,,0,500,Battery-TA-RWARE/results/calls/shared_context/json/session_20260401_121402/llama3.2_3b/small_picker_heavy_2v4/json/summary.json
,,,,small_balanced_2v2,0,603,0,0,0.1045,934.647487164,,0,500,Battery-TA-RWARE/results/calls/shared_context/json/session_20260401_121402/llama3.2_3b/small_balanced_2v2/json/summary.json
,,,,small_agv_heavy_4v2,0,1106,0,0,0.122666666667,1795.11854815,,0,500,Battery-TA-RWARE/results/calls/shared_context/json/session_20260401_121402/llama3.2_3b/small_agv_heavy_4v2/json/summary.json
,,,,medium_balanced_4v4,0,1040,0,0,0.173,1811.78774691,,0,500,Battery-TA-RWARE/results/calls/shared_context/json/session_20260401_121402/llama3.2_3b/medium_balanced_4v4/json/summary.json
,,,,medium_agv_heavy_6v2,0,1221,0,0,0.174,2114.17589664,,0,500,Battery-TA-RWARE/results/calls/shared_context/json/session_20260401_121402/llama3.2_3b/medium_agv_heavy_6v2/json/summary.json
Calls,Shared,Json,mistral 7b,tiny_balanced_1v1,0,904,0,0,0.046,1902.6979785,,0,500,Battery-TA-RWARE/results/calls/shared_context/json/session_20260401_121402/mistral_7b/tiny_balanced_1v1/json/summary.json
,,,,small_picker_heavy_2v4,0,2024,0,28,0.315,3633.57395315,,0,500,Battery-TA-RWARE/results/calls/shared_context/json/session_20260401_121402/mistral_7b/small_picker_heavy_2v4/json/summary.json
,,,,small_balanced_2v2,0,1403,1,9,0.117417677643,2777.16647553,77,1,577,Battery-TA-RWARE/results/calls/shared_context/json/session_20260401_121402/mistral_7b/small_balanced_2v2/json/summary.json
,,,,small_agv_heavy_4v2,0,1578,0,55,0.229,3304.06099486,,0,500,Battery-TA-RWARE/results/calls/shared_context/json/session_20260401_121402/mistral_7b/small_agv_heavy_4v2/json/summary.json
,,,,medium_balanced_4v4,0,2015,0,220,0.12875,5557.14480662,,0,500,Battery-TA-RWARE/results/calls/shared_context/json/session_20260401_121402/mistral_7b/medium_balanced_4v4/json/summary.json
,,,,medium_agv_heavy_6v2,0,1875,0,694,0.23375,4482.10795069,,0,500,Battery-TA-RWARE/results/calls/shared_context/json/session_20260401_121402/mistral_7b/medium_agv_heavy_6v2/json/summary.json
Calls,Shared,Json,gemma 12b,tiny_balanced_1v1,0,1380,0,0,0.0832471561531,4071.74856949,35,6,967,Battery-TA-RWARE/results/calls/shared_context/json/session_20260401_121402/gemma3_12b/tiny_balanced_1v1/json/summary.json
,,,,small_picker_heavy_2v4,0,2020,0,0,0.322333333333,5629.44874454,,0,500,Battery-TA-RWARE/results/calls/shared_context/json/session_20260401_121402/gemma3_12b/small_picker_heavy_2v4/json/summary.json
,,,,small_balanced_2v2,0,188,0,0,0.0945,640.121909142,,0,500,Battery-TA-RWARE/results/calls/shared_context/json/session_20260401_121402/gemma3_12b/small_balanced_2v2/json/summary.json
,,,,small_agv_heavy_4v2,0,3450,0,0,0.112258184524,11974.0565562,84,11,1792,Battery-TA-RWARE/results/calls/shared_context/json/session_20260401_121402/gemma3_12b/small_agv_heavy_4v2/json/summary.json
,,,,medium_balanced_4v4,0,2454,0,0,0.1995,7934.17511344,,0,500,Battery-TA-RWARE/results/calls/shared_context/json/session_20260401_121402/gemma3_12b/medium_balanced_4v4/json/summary.json
,,,,medium_agv_heavy_6v2,0,7974,0,1,0.15656390717,28404.2779999,125,9,2887,Battery-TA-RWARE/results/calls/shared_context/json/session_20260401_121402/gemma3_12b/medium_agv_heavy_6v2/json/summary.json
Calls,Shared,Json,phi4,tiny_balanced_1v1,0,182,0,0,0.092523364486,701.393873453,35,1,535,Battery-TA-RWARE/results/calls/shared_context/json/session_20260401_121402/phi4/tiny_balanced_1v1/json/summary.json
,,,,small_picker_heavy_2v4,0,1047,0,0,0.145668135095,5241.8482306,24,5,1135,Battery-TA-RWARE/results/calls/shared_context/json/session_20260401_121402/phi4/small_picker_heavy_2v4/json/summary.json
,,,,small_balanced_2v2,0,148,0,0,0.116,705.992320299,,0,500,Battery-TA-RWARE/results/calls/shared_context/json/session_20260401_121402/phi4/small_balanced_2v2/json/summary.json
,,,,small_agv_heavy_4v2,0,1007,0,0,0.086129753915,5443.63061142,41,10,1192,Battery-TA-RWARE/results/calls/shared_context/json/session_20260401_121402/phi4/small_agv_heavy_4v2/json/summary.json
,,,,medium_balanced_4v4,0,1349,0,0,0.110758003766,8333.65758276,131,5,1062,Battery-TA-RWARE/results/calls/shared_context/json/session_20260401_121402/phi4/medium_balanced_4v4/json/summary.json
,,,,medium_agv_heavy_6v2,0,682,0,0,0.0656175771971,4327.65548563,28,4,842,Battery-TA-RWARE/results/calls/shared_context/json/session_20260401_121402/phi4/medium_agv_heavy_6v2/json/summary.json
Calls,Shared,Json,qwen 14b (2.5),tiny_balanced_1v1,0,686,0,0,0.460405156538,1709.95188737,43,1,543,Battery-TA-RWARE/results/calls/shared_context/json/session_20260401_121402/qwen2.5_14b/tiny_balanced_1v1/json/summary.json
,,,,small_picker_heavy_2v4,0,2299,0,0,0.342,6884.72136831,,0,500,Battery-TA-RWARE/results/calls/shared_context/json/session_20260401_121402/qwen2.5_14b/small_picker_heavy_2v4/json/summary.json
,,,,small_balanced_2v2,0,1069,0,0,0.4755,2996.73745179,,0,500,Battery-TA-RWARE/results/calls/shared_context/json/session_20260401_121402/qwen2.5_14b/small_balanced_2v2/json/summary.json
,,,,small_agv_heavy_4v2,0,1972,0,2,0.108333333333,7083.68573976,,0,500,Battery-TA-RWARE/results/calls/shared_context/json/session_20260401_121402/qwen2.5_14b/small_agv_heavy_4v2/json/summary.json
,,,,medium_balanced_4v4,0,2797,0,0,0.187,9508.59763265,,0,500,Battery-TA-RWARE/results/calls/shared_context/json/session_20260401_121402/qwen2.5_14b/medium_balanced_4v4/json/summary.json
,,,,medium_agv_heavy_6v2,0,2153,0,2,0.22,8127.05589962,,0,500,Battery-TA-RWARE/results/calls/shared_context/json/session_20260401_121402/qwen2.5_14b/medium_agv_heavy_6v2/json/summary.json
Calls,Shared,Natural,llama 1b (3.2),tiny_balanced_1v1,0,743,NA,0,0.476817702845,320.907701015,63,5,949,Battery-TA-RWARE/results/calls/shared_context/natural/session_20260328_230923/llama3.2_1b/tiny_balanced_1v1/language/summary.json
,,,,small_picker_heavy_2v4,0,2298,NA,0,0.314264919942,1469.38858461,106,7,1145,Battery-TA-RWARE/results/calls/shared_context/natural/session_20260329_094333/llama3.2_1b/small_picker_heavy_2v4/language/summary.json
,,,,small_balanced_2v2,0,464,NA,0,0.0735,400.633504391,,0,500,Battery-TA-RWARE/results/calls/shared_context/natural/session_20260329_094333/llama3.2_1b/small_balanced_2v2/language/summary.json
,,,,small_agv_heavy_4v2,0,2430,NA,0,0.130200860832,2148.52098179,15,9,1394,Battery-TA-RWARE/results/calls/shared_context/natural/session_20260329_094333/llama3.2_1b/small_agv_heavy_4v2/language/summary.json
,,,,medium_balanced_4v4,0,4288,NA,0,0.147942521228,5827.28191137,43,16,1531,Battery-TA-RWARE/results/calls/shared_context/natural/session_20260328_230923/llama3.2_1b/medium_balanced_4v4/language/summary.json
,,,,medium_agv_heavy_6v2,0,1875,NA,0,0.00291120815138,4219.12916136,43,4,687,Battery-TA-RWARE/results/calls/shared_context/natural/session_20260329_094333/llama3.2_1b/medium_agv_heavy_6v2/language/summary.json
Calls,Shared,Natural,llama 3b (3.2),tiny_balanced_1v1,0,819,NA,0,0.109424920128,610.104315996,37,11,1252,Battery-TA-RWARE/results/calls/shared_context/natural/session_20260329_094333/llama3.2_3b/tiny_balanced_1v1/language/summary.json
,,,,small_picker_heavy_2v4,0,2111,NA,0,0.0327235772358,2943.12310648,32,6,820,Battery-TA-RWARE/results/calls/shared_context/natural/session_20260329_094333/llama3.2_3b/small_picker_heavy_2v4/language/summary.json
,,,,small_balanced_2v2,0,1989,NA,0,0.0557939914163,2118.92389941,44,10,1165,Battery-TA-RWARE/results/calls/shared_context/natural/session_20260329_094333/llama3.2_3b/small_balanced_2v2/language/summary.json
,,,,small_agv_heavy_4v2,0,2633,NA,0,0.134495084897,2698.75423002,31,20,1119,Battery-TA-RWARE/results/calls/shared_context/natural/session_20260329_094333/llama3.2_3b/small_agv_heavy_4v2/language/summary.json
,,,,medium_balanced_4v4,0,1643,NA,0,0.0218878248974,4142.84674954,48,6,731,Battery-TA-RWARE/results/calls/shared_context/natural/session_20260329_094333/llama3.2_3b/medium_balanced_4v4/language/summary.json
,,,,medium_agv_heavy_6v2,0,3044,NA,0,0.106336805556,4894.83386779,26,20,1152,Battery-TA-RWARE/results/calls/shared_context/natural/session_20260329_094333/llama3.2_3b/medium_agv_heavy_6v2/language/summary.json
Calls,Shared,Natural,mistral 7b,tiny_balanced_1v1,0,665,NA,0,0.107535321821,841.897990942,34,2,637,Battery-TA-RWARE/results/calls/shared_context/natural/session_20260329_094333/mistral_7b/tiny_balanced_1v1/language/summary.json
,,,,small_picker_heavy_2v4,0,1715,NA,0,0.0908152734778,3328.23710418,24,6,969,Battery-TA-RWARE/results/calls/shared_context/natural/session_20260329_094333/mistral_7b/small_picker_heavy_2v4/language/summary.json
,,,,small_balanced_2v2,0,3664,NA,0,0.267042475092,5263.00168872,39,12,1907,Battery-TA-RWARE/results/calls/shared_context/natural/session_20260329_094333/mistral_7b/small_balanced_2v2/language/summary.json
,,,,small_agv_heavy_4v2,0,4881,NA,0,0.223776795942,7810.32520533,33,19,2037,Battery-TA-RWARE/results/calls/shared_context/natural/session_20260329_094333/mistral_7b/small_agv_heavy_4v2/language/summary.json
,,,,medium_balanced_4v4,0,3420,NA,0,0.191698352345,6522.2922554,46,5,789,Battery-TA-RWARE/results/calls/shared_context/natural/session_20260329_094333/mistral_7b/medium_balanced_4v4/language/summary.json
,,,,medium_agv_heavy_6v2,0,2590,NA,0,0.0376506024096,7535.55679274,40,15,913,Battery-TA-RWARE/results/calls/shared_context/natural/session_20260329_094333/mistral_7b/medium_agv_heavy_6v2/language/summary.json
Calls,Shared,Natural,gemma 12b,tiny_balanced_1v1,0,1442,NA,0,0.119769557307,3066.85486245,35,20,1649,Battery-TA-RWARE/results/calls/shared_context/natural/session_20260329_094333/gemma3_12b/tiny_balanced_1v1/language/summary.json
,,,,small_picker_heavy_2v4,0,4083,NA,0,0.136281355056,11138.7765851,24,20,2578,Battery-TA-RWARE/results/calls/shared_context/natural/session_20260329_094333/gemma3_12b/small_picker_heavy_2v4/language/summary.json
,,,,small_balanced_2v2,0,140,NA,0,0.101,422.168847084,,0,500,Battery-TA-RWARE/results/calls/shared_context/natural/session_20260329_094333/gemma3_12b/small_balanced_2v2/language/summary.json
,,,,small_agv_heavy_4v2,0,1805,NA,0,0.146255947909,5112.12215233,41,11,1331,Battery-TA-RWARE/results/calls/shared_context/natural/session_20260329_094333/gemma3_12b/small_agv_heavy_4v2/language/summary.json
,,,,medium_balanced_4v4,0,1456,NA,0,0.119227353464,5759.30449247,46,6,1126,Battery-TA-RWARE/results/calls/shared_context/natural/session_20260329_094333/gemma3_12b/medium_balanced_4v4/language/summary.json
,,,,medium_agv_heavy_6v2,0,1048,NA,0,0.101334951456,3496.42346215,40,6,824,Battery-TA-RWARE/results/calls/shared_context/natural/session_20260329_094333/gemma3_12b/medium_agv_heavy_6v2/language/summary.json
Calls,Shared,Natural,phi4,tiny_balanced_1v1,0,95,NA,0,0.119626168224,408.682212353,35,1,535,Battery-TA-RWARE/results/calls/shared_context/natural/session_20260329_094333/phi4/tiny_balanced_1v1/language/summary.json
,,,,small_picker_heavy_2v4,0,577,NA,0,0.143067846608,4230.56404305,24,3,565,Battery-TA-RWARE/results/calls/shared_context/natural/session_20260329_094333/phi4/small_picker_heavy_2v4/language/summary.json
,,,,small_balanced_2v2,0,183,NA,0,0.0952797202797,1074.50732088,72,1,572,Battery-TA-RWARE/results/calls/shared_context/natural/session_20260329_094333/phi4/small_balanced_2v2/language/summary.json
,,,,small_agv_heavy_4v2,0,1156,NA,0,0.0884920634921,8802.4260006,41,9,1260,Battery-TA-RWARE/results/calls/shared_context/natural/session_20260329_094333/phi4/small_agv_heavy_4v2/language/summary.json
,,,,medium_balanced_4v4,0,1282,NA,0,0.12257751938,10023.997642,46,7,1032,Battery-TA-RWARE/results/calls/shared_context/natural/session_20260329_094333/phi4/medium_balanced_4v4/language/summary.json
,,,,medium_agv_heavy_6v2,0,508,NA,0,0.0741869918699,3842.25212383,32,5,738,Battery-TA-RWARE/results/calls/shared_context/natural/session_20260329_094333/phi4/medium_agv_heavy_6v2/language/summary.json
Calls,Shared,Natural,qwen 14b (2.5),tiny_balanced_1v1,0,354,NA,0,0.150057937428,687.241015911,35,3,863,Battery-TA-RWARE/results/calls/shared_context/natural/session_20260329_094333/qwen2.5_14b/tiny_balanced_1v1/language/summary.json
,,,,small_picker_heavy_2v4,0,2804,NA,0,0.159381237525,7173.88382125,24,17,1670,Battery-TA-RWARE/results/calls/shared_context/natural/session_20260329_094333/qwen2.5_14b/small_picker_heavy_2v4/language/summary.json
,,,,small_balanced_2v2,0,346,NA,0,0.116695804196,851.951381207,72,1,572,Battery-TA-RWARE/results/calls/shared_context/natural/session_20260329_094333/qwen2.5_14b/small_balanced_2v2/language/summary.json
,,,,small_agv_heavy_4v2,0,1411,NA,0,0.0974403723095,3769.77058816,41,10,1146,Battery-TA-RWARE/results/calls/shared_context/natural/session_20260329_094333/qwen2.5_14b/small_agv_heavy_4v2/language/summary.json
,,,,medium_balanced_4v4,0,1592,NA,0,0.143590998043,5807.38651896,48,6,1022,Battery-TA-RWARE/results/calls/shared_context/natural/session_20260329_094333/qwen2.5_14b/medium_balanced_4v4/language/summary.json
,,,,medium_agv_heavy_6v2,0,1173,NA,0,0.0600997506234,4506.97939491,32,9,2005,Battery-TA-RWARE/results/calls/shared_context/natural/session_20260329_094333/qwen2.5_14b/medium_agv_heavy_6v2/language/summary.json
Shelf Deliveries,Centralized,Json,llama 1b (3.2),tiny_balanced_1v1,0,69,,0,,233.739522457,,0,200,Battery-TA-RWARE/results/shelf/central_llm_experiments/JSON/session_20260319_132509/llama3.2_1b/tiny_balanced_1v1/language/summary.json
,,,,small_picker_heavy_2v4,0,110,,0,,288.066437244,,0,200,Battery-TA-RWARE/results/shelf/central_llm_experiments/JSON/session_20260319_132509/llama3.2_1b/small_picker_heavy_2v4/language/summary.json
,,,,small_balanced_2v2,0,87,,0,,149.236854315,,0,200,Battery-TA-RWARE/results/shelf/central_llm_experiments/JSON/session_20260319_132509/llama3.2_1b/small_balanced_2v2/language/summary.json
,,,,small_agv_heavy_4v2,0,131,,0,,376.978290319,,0,200,Battery-TA-RWARE/results/shelf/central_llm_experiments/JSON/session_20260319_132509/llama3.2_1b/small_agv_heavy_4v2/language/summary.json
,,,,medium_balanced_4v4,0,197,,0,,567.829782724,161,1,361,Battery-TA-RWARE/results/shelf/central_llm_experiments/JSON/session_20260319_132509/llama3.2_1b/medium_balanced_4v4/language/summary.json
,,,,medium_agv_heavy_6v2,0,123,,0,,315.140462399,,0,200,Battery-TA-RWARE/results/shelf/central_llm_experiments/JSON/session_20260319_132509/llama3.2_1b/medium_agv_heavy_6v2/language/summary.json
Shelf Deliveries,Centralized,Json,llama 3b (3.2),tiny_balanced_1v1,0,49,,0,,64.5322549343,53,1,253,Battery-TA-RWARE/results/shelf/central_llm_experiments/JSON/session_20260319_132509/llama3.2_3b/tiny_balanced_1v1/language/summary.json
,,,,small_picker_heavy_2v4,0,253,,0,,359.439384937,181,1,381,Battery-TA-RWARE/results/shelf/central_llm_experiments/JSON/session_20260319_132509/llama3.2_3b/small_picker_heavy_2v4/language/summary.json
,,,,small_balanced_2v2,0,124,,0,,170.0733881,,0,200,Battery-TA-RWARE/results/shelf/central_llm_experiments/JSON/session_20260319_132509/llama3.2_3b/small_balanced_2v2/language/summary.json
,,,,small_agv_heavy_4v2,0,145,,0,,226.663348436,,0,200,Battery-TA-RWARE/results/shelf/central_llm_experiments/JSON/session_20260319_132509/llama3.2_3b/small_agv_heavy_4v2/language/summary.json
,,,,medium_balanced_4v4,0,200,,0,,502.527195454,,0,200,Battery-TA-RWARE/results/shelf/central_llm_experiments/JSON/session_20260319_132509/llama3.2_3b/medium_balanced_4v4/language/summary.json
,,,,medium_agv_heavy_6v2,0,192,,0,,469.480973482,,0,200,Battery-TA-RWARE/results/shelf/central_llm_experiments/JSON/session_20260319_132509/llama3.2_3b/medium_agv_heavy_6v2/language/summary.json
Shelf Deliveries,Centralized,Json,mistral 7b,tiny_balanced_1v1,0,176,,0,,395.379467487,170,1,370,Battery-TA-RWARE/results/shelf/central_llm_experiments/JSON/session_20260319_132509/mistral_7b/tiny_balanced_1v1/language/summary.json
,,,,small_picker_heavy_2v4,0,225,,0,,975.541983604,183,2,567,Battery-TA-RWARE/results/shelf/central_llm_experiments/JSON/session_20260319_132509/mistral_7b/small_picker_heavy_2v4/language/summary.json
,,,,small_balanced_2v2,0,186,,0,,831.865697861,173,2,393,Battery-TA-RWARE/results/shelf/central_llm_experiments/JSON/session_20260319_132509/mistral_7b/small_balanced_2v2/language/summary.json
,,,,small_agv_heavy_4v2,0,83,,0,,526.139069319,,0,200,Battery-TA-RWARE/results/shelf/central_llm_experiments/JSON/session_20260319_132509/mistral_7b/small_agv_heavy_4v2/language/summary.json
,,,,medium_balanced_4v4,0,162,,0,,1255.07997561,,0,200,Battery-TA-RWARE/results/shelf/central_llm_experiments/JSON/session_20260319_132509/mistral_7b/medium_balanced_4v4/language/summary.json
,,,,medium_agv_heavy_6v2,0,200,,0,,1966.43562007,,0,200,Battery-TA-RWARE/results/shelf/central_llm_experiments/JSON/session_20260319_132509/mistral_7b/medium_agv_heavy_6v2/language/summary.json
Shelf Deliveries,Centralized,Json,gemma 12b,tiny_balanced_1v1,0,74,,0,,245.689455271,33,1,233,Battery-TA-RWARE/results/shelf/central_llm_experiments/JSON/session_20260319_132509/gemma3_12b/tiny_balanced_1v1/language/summary.json
,,,,small_picker_heavy_2v4,0,132,,0,,574.291774273,,0,200,Battery-TA-RWARE/results/shelf/central_llm_experiments/JSON/session_20260319_132509/gemma3_12b/small_picker_heavy_2v4/language/summary.json
,,,,small_balanced_2v2,0,203,,0,,793.340255022,143,1,343,Battery-TA-RWARE/results/shelf/central_llm_experiments/JSON/session_20260319_132509/gemma3_12b/small_balanced_2v2/language/summary.json
,,,,small_agv_heavy_4v2,0,181,,0,,694.218978643,,0,200,Battery-TA-RWARE/results/shelf/central_llm_experiments/JSON/session_20260319_132509/gemma3_12b/small_agv_heavy_4v2/language/summary.json
,,,,medium_balanced_4v4,0,200,,0,,983.194795609,,0,200,Battery-TA-RWARE/results/shelf/central_llm_experiments/JSON/session_20260319_132509/gemma3_12b/medium_balanced_4v4/language/summary.json
,,,,medium_agv_heavy_6v2,0,200,,0,,991.431729317,,0,200,Battery-TA-RWARE/results/shelf/central_llm_experiments/JSON/session_20260319_132509/gemma3_12b/medium_agv_heavy_6v2/language/summary.json
Shelf Deliveries,Centralized,Json,phi4,tiny_balanced_1v1,0,97,,0,,583.874384165,33,1,233,Battery-TA-RWARE/results/shelf/central_llm_experiments/JSON/session_20260319_132509/phi4/tiny_balanced_1v1/language/summary.json
,,,,small_picker_heavy_2v4,0,167,,0,,1495.23871064,137,1,337,Battery-TA-RWARE/results/shelf/central_llm_experiments/JSON/session_20260319_132509/phi4/small_picker_heavy_2v4/language/summary.json
,,,,small_balanced_2v2,0,140,,0,,1162.89296103,62,2,292,Battery-TA-RWARE/results/shelf/central_llm_experiments/JSON/session_20260319_132509/phi4/small_balanced_2v2/language/summary.json
,,,,small_agv_heavy_4v2,0,335,,0,,4225.82829738,76,4,491,Battery-TA-RWARE/results/shelf/central_llm_experiments/JSON/session_20260319_132509/phi4/small_agv_heavy_4v2/language/summary.json
,,,,medium_balanced_4v4,0,36,,0,,655.741194963,,0,200,Battery-TA-RWARE/results/shelf/central_llm_experiments/JSON/session_20260319_132509/phi4/medium_balanced_4v4/language/summary.json
,,,,medium_agv_heavy_6v2,0,118,,2,,2564.87624359,,0,200,Battery-TA-RWARE/results/shelf/central_llm_experiments/JSON/session_20260319_132509/phi4/medium_agv_heavy_6v2/language/summary.json
Shelf Deliveries,Centralized,Json,qwen 14b (2.5),tiny_balanced_1v1,0,35,,0,,111.232637167,33,1,233,Battery-TA-RWARE/results/shelf/central_llm_experiments/JSON/session_20260319_132509/qwen2.5_14b/tiny_balanced_1v1/language/summary.json
,,,,small_picker_heavy_2v4,0,74,,0,,317.301532984,,0,200,Battery-TA-RWARE/results/shelf/central_llm_experiments/JSON/session_20260319_132509/qwen2.5_14b/small_picker_heavy_2v4/language/summary.json
,,,,small_balanced_2v2,0,90,,0,,393.539429903,45,2,282,Battery-TA-RWARE/results/shelf/central_llm_experiments/JSON/session_20260319_132509/qwen2.5_14b/small_balanced_2v2/language/summary.json
,,,,small_agv_heavy_4v2,0,75,,0,,401.297274351,,0,200,Battery-TA-RWARE/results/shelf/central_llm_experiments/JSON/session_20260319_132509/qwen2.5_14b/small_agv_heavy_4v2/language/summary.json
,,,,medium_balanced_4v4,0,160,,0,,911.823961258,,0,200,Battery-TA-RWARE/results/shelf/central_llm_experiments/JSON/session_20260319_132509/qwen2.5_14b/medium_balanced_4v4/language/summary.json
,,,,medium_agv_heavy_6v2,0,140,,0,,867.20300436,,0,200,Battery-TA-RWARE/results/shelf/central_llm_experiments/JSON/session_20260319_132509/qwen2.5_14b/medium_agv_heavy_6v2/language/summary.json
Shelf Deliveries,Centralized,Natural,llama 1b (3.2),tiny_balanced_1v1,0,86,NA,0,,219.199110031,,0,200,Battery-TA-RWARE/results/shelf/central_llm_experiments/natural/session_20260317_183938/llama3.2_1b/tiny_balanced_1v1/language/summary.json
,,,,small_picker_heavy_2v4,0,134,NA,0,,394.114629507,,0,200,Battery-TA-RWARE/results/shelf/central_llm_experiments/natural/session_20260317_183938/llama3.2_1b/small_picker_heavy_2v4/language/summary.json
,,,,small_balanced_2v2,0,140,NA,0,,386.430672646,,0,200,Battery-TA-RWARE/results/shelf/central_llm_experiments/natural/session_20260317_183938/llama3.2_1b/small_balanced_2v2/language/summary.json
,,,,small_agv_heavy_4v2,0,136,NA,0,,398.971119881,,0,200,Battery-TA-RWARE/results/shelf/central_llm_experiments/natural/session_20260317_183938/llama3.2_1b/small_agv_heavy_4v2/language/summary.json
,,,,medium_balanced_4v4,0,180,NA,0,,520.57290864,,0,200,Battery-TA-RWARE/results/shelf/central_llm_experiments/natural/session_20260317_183938/llama3.2_1b/medium_balanced_4v4/language/summary.json
,,,,medium_agv_heavy_6v2,0,172,NA,0,,363.414469719,,0,200,Battery-TA-RWARE/results/shelf/central_llm_experiments/natural/session_20260317_183938/llama3.2_1b/medium_agv_heavy_6v2/language/summary.json
Shelf Deliveries,Centralized,Natural,llama 3b (3.2),tiny_balanced_1v1,0,68,NA,0,,119.893019438,78,1,278,Battery-TA-RWARE/results/shelf/central_llm_experiments/natural/session_20260317_183938/llama3.2_3b/tiny_balanced_1v1/language/summary.json
,,,,small_picker_heavy_2v4,0,148,NA,0,,238.479668856,,0,200,Battery-TA-RWARE/results/shelf/central_llm_experiments/natural/session_20260317_183938/llama3.2_3b/small_picker_heavy_2v4/language/summary.json
,,,,small_balanced_2v2,0,241,NA,0,,344.795945644,174,2,398,Battery-TA-RWARE/results/shelf/central_llm_experiments/natural/session_20260317_183938/llama3.2_3b/small_balanced_2v2/language/summary.json
,,,,small_agv_heavy_4v2,0,200,NA,0,,341.702210665,,0,200,Battery-TA-RWARE/results/shelf/central_llm_experiments/natural/session_20260317_183938/llama3.2_3b/small_agv_heavy_4v2/language/summary.json
,,,,medium_balanced_4v4,0,200,NA,0,,504.573355436,,0,200,Battery-TA-RWARE/results/shelf/central_llm_experiments/natural/session_20260317_183938/llama3.2_3b/medium_balanced_4v4/language/summary.json
,,,,medium_agv_heavy_6v2,0,131,NA,0,,278.464504242,,0,200,Battery-TA-RWARE/results/shelf/central_llm_experiments/natural/session_20260317_183938/llama3.2_3b/medium_agv_heavy_6v2/language/summary.json
Shelf Deliveries,Centralized,Natural,mistral 7b,tiny_balanced_1v1,0,186,NA,0,,380.477293015,,0,200,Battery-TA-RWARE/results/shelf/central_llm_experiments/natural/session_20260317_183938/mistral_7b/tiny_balanced_1v1/language/summary.json
,,,,small_picker_heavy_2v4,0,84,NA,0,,341.200397015,,0,200,Battery-TA-RWARE/results/shelf/central_llm_experiments/natural/session_20260317_183938/mistral_7b/small_picker_heavy_2v4/language/summary.json
,,,,small_balanced_2v2,0,213,NA,0,,948.499952078,170,1,370,Battery-TA-RWARE/results/shelf/central_llm_experiments/natural/session_20260317_183938/mistral_7b/small_balanced_2v2/language/summary.json
,,,,small_agv_heavy_4v2,0,163,NA,0,,1093.51607704,,0,200,Battery-TA-RWARE/results/shelf/central_llm_experiments/natural/session_20260317_183938/mistral_7b/small_agv_heavy_4v2/language/summary.json
,,,,medium_balanced_4v4,0,184,NA,1,,1400.48922253,,0,200,Battery-TA-RWARE/results/shelf/central_llm_experiments/natural/session_20260317_183938/mistral_7b/medium_balanced_4v4/language/summary.json
,,,,medium_agv_heavy_6v2,0,200,NA,0,,2145.62481165,,0,200,Battery-TA-RWARE/results/shelf/central_llm_experiments/natural/session_20260317_183938/mistral_7b/medium_agv_heavy_6v2/language/summary.json
Shelf Deliveries,Centralized,Natural,gemma 12b,tiny_balanced_1v1,0,94,NA,0,,764.6000278,83,1,283,Battery-TA-RWARE/results/shelf/central_llm_experiments/natural/session_20260317_183938/gemma3_12b/tiny_balanced_1v1/language/summary.json
,,,,small_picker_heavy_2v4,0,96,NA,0,,913.850153446,,0,200,Battery-TA-RWARE/results/shelf/central_llm_experiments/natural/session_20260317_183938/gemma3_12b/small_picker_heavy_2v4/language/summary.json
,,,,small_balanced_2v2,0,127,NA,0,,1150.18477011,,0,200,Battery-TA-RWARE/results/shelf/central_llm_experiments/natural/session_20260317_183938/gemma3_12b/small_balanced_2v2/language/summary.json
,,,,small_agv_heavy_4v2,0,141,NA,0,,1419.01489043,,0,200,Battery-TA-RWARE/results/shelf/central_llm_experiments/natural/session_20260317_183938/gemma3_12b/small_agv_heavy_4v2/language/summary.json
,,,,medium_balanced_4v4,0,179,NA,0,,1959.83644176,,0,200,Battery-TA-RWARE/results/shelf/central_llm_experiments/natural/session_20260317_183938/gemma3_12b/medium_balanced_4v4/language/summary.json
,,,,medium_agv_heavy_6v2,0,184,NA,0,,2835.02683711,,0,200,Battery-TA-RWARE/results/shelf/central_llm_experiments/natural/session_20260317_183938/gemma3_12b/medium_agv_heavy_6v2/language/summary.json
Shelf Deliveries,Centralized,Natural,phi4,tiny_balanced_1v1,0,114,NA,0,,2329.15684676,33,1,233,Battery-TA-RWARE/results/shelf/central_llm_experiments/natural/session_20260317_183938/phi4/tiny_balanced_1v1/language/summary.json
,,,,small_picker_heavy_2v4,0,162,NA,0,,6477.19026375,,0,200,Battery-TA-RWARE/results/shelf/central_llm_experiments/natural/session_20260317_183938/phi4/small_picker_heavy_2v4/language/summary.json
,,,,small_balanced_2v2,0,149,NA,0,,4148.53705287,76,2,337,Battery-TA-RWARE/results/shelf/central_llm_experiments/natural/session_20260317_183938/phi4/small_balanced_2v2/language/summary.json
,,,,small_agv_heavy_4v2,0,315,NA,0,,13571.3986709,112,3,459,Battery-TA-RWARE/results/shelf/central_llm_experiments/natural/session_20260317_183938/phi4/small_agv_heavy_4v2/language/summary.json
,,,,medium_balanced_4v4,0,182,NA,0,,10998.9040668,,0,200,Battery-TA-RWARE/results/shelf/central_llm_experiments/natural/session_20260317_183938/phi4/medium_balanced_4v4/language/summary.json
,,,,medium_agv_heavy_6v2,0,172,NA,0,,10092.0109999,,0,200,Battery-TA-RWARE/results/shelf/central_llm_experiments/natural/session_20260317_183938/phi4/medium_agv_heavy_6v2/language/summary.json
Shelf Deliveries,Centralized,Natural,qwen 14b (2.5),tiny_balanced_1v1,0,28,NA,0,,578.211290598,32,1,232,Battery-TA-RWARE/results/shelf/central_llm_experiments/natural/session_20260317_183938/qwen2.5_14b/tiny_balanced_1v1/language/summary.json
,,,,small_picker_heavy_2v4,0,139,NA,0,,3843.56942225,168,1,368,Battery-TA-RWARE/results/shelf/central_llm_experiments/natural/session_20260317_183938/qwen2.5_14b/small_picker_heavy_2v4/language/summary.json
,,,,small_balanced_2v2,0,202,NA,0,,5339.39674425,116,2,366,Battery-TA-RWARE/results/shelf/central_llm_experiments/natural/session_20260317_183938/qwen2.5_14b/small_balanced_2v2/language/summary.json
,,,,small_agv_heavy_4v2,0,200,NA,0,,6340.13738751,,0,200,Battery-TA-RWARE/results/shelf/central_llm_experiments/natural/session_20260317_183938/qwen2.5_14b/small_agv_heavy_4v2/language/summary.json
,,,,medium_balanced_4v4,0,149,NA,0,,3904.98350525,,0,200,Battery-TA-RWARE/results/shelf/central_llm_experiments/natural/session_20260317_183938/qwen2.5_14b/medium_balanced_4v4/language/summary.json
,,,,medium_agv_heavy_6v2,0,113,NA,0,,2980.26451039,,0,200,Battery-TA-RWARE/results/shelf/central_llm_experiments/natural/session_20260317_183938/qwen2.5_14b/medium_agv_heavy_6v2/language/summary.json
Shelf Deliveries,Shared,Json,llama 1b (3.2),tiny_balanced_1v1,0,123,0,0,,98.2719070911,,0,200,Battery-TA-RWARE/results/shelf/shared_context_llm_experiments/JSON/session_20260324_130956/llama3.2_1b/tiny_balanced_1v1/json/summary.json
,,,,small_picker_heavy_2v4,0,338,0,0,,255.501661062,,0,200,Battery-TA-RWARE/results/shelf/shared_context_llm_experiments/JSON/session_20260324_130956/llama3.2_1b/small_picker_heavy_2v4/json/summary.json
,,,,small_balanced_2v2,0,186,0,0,,109.009232998,,0,200,Battery-TA-RWARE/results/shelf/shared_context_llm_experiments/JSON/session_20260324_130956/llama3.2_1b/small_balanced_2v2/json/summary.json
,,,,small_agv_heavy_4v2,0,194,0,0,,163.98154664,,0,200,Battery-TA-RWARE/results/shelf/shared_context_llm_experiments/JSON/session_20260324_130956/llama3.2_1b/small_agv_heavy_4v2/json/summary.json
,,,,medium_balanced_4v4,0,218,0,0,,163.035543203,,0,200,Battery-TA-RWARE/results/shelf/shared_context_llm_experiments/JSON/session_20260324_130956/llama3.2_1b/medium_balanced_4v4/json/summary.json
,,,,medium_agv_heavy_6v2,0,401,0,0,,374.548250675,,0,200,Battery-TA-RWARE/results/shelf/shared_context_llm_experiments/JSON/session_20260324_130956/llama3.2_1b/medium_agv_heavy_6v2/json/summary.json
Shelf Deliveries,Shared,Json,llama 3b (3.2),tiny_balanced_1v1,0,102,0,0,,122.803663969,,0,200,Battery-TA-RWARE/results/shelf/shared_context_llm_experiments/JSON/session_20260324_130956/llama3.2_3b/tiny_balanced_1v1/json/summary.json
,,,,small_picker_heavy_2v4,0,284,0,0,,365.217968464,,0,200,Battery-TA-RWARE/results/shelf/shared_context_llm_experiments/JSON/session_20260324_130956/llama3.2_3b/small_picker_heavy_2v4/json/summary.json
,,,,small_balanced_2v2,0,171,0,0,,216.674551964,,0,200,Battery-TA-RWARE/results/shelf/shared_context_llm_experiments/JSON/session_20260324_130956/llama3.2_3b/small_balanced_2v2/json/summary.json
,,,,small_agv_heavy_4v2,0,193,0,0,,245.542430401,,0,200,Battery-TA-RWARE/results/shelf/shared_context_llm_experiments/JSON/session_20260324_130956/llama3.2_3b/small_agv_heavy_4v2/json/summary.json
,,,,medium_balanced_4v4,0,68,0,0,,92.5630168915,,0,200,Battery-TA-RWARE/results/shelf/shared_context_llm_experiments/JSON/session_20260324_130956/llama3.2_3b/medium_balanced_4v4/json/summary.json
,,,,medium_agv_heavy_6v2,0,86,0,0,,129.143208265,,0,200,Battery-TA-RWARE/results/shelf/shared_context_llm_experiments/JSON/session_20260324_130956/llama3.2_3b/medium_agv_heavy_6v2/json/summary.json
Shelf Deliveries,Shared,Json,mistral 7b,tiny_balanced_1v1,0,270,0,0,,442.40480423,,0,200,Battery-TA-RWARE/results/shelf/shared_context_llm_experiments/JSON/session_20260324_130956/mistral_7b/tiny_balanced_1v1/json/summary.json
,,,,small_picker_heavy_2v4,0,261,0,0,,494.204506874,,0,200,Battery-TA-RWARE/results/shelf/shared_context_llm_experiments/JSON/session_20260324_130956/mistral_7b/small_picker_heavy_2v4/json/summary.json
,,,,small_balanced_2v2,0,198,0,0,,455.298883438,,0,200,Battery-TA-RWARE/results/shelf/shared_context_llm_experiments/JSON/session_20260324_130956/mistral_7b/small_balanced_2v2/json/summary.json
,,,,small_agv_heavy_4v2,0,158,0,0,,355.557105064,,0,200,Battery-TA-RWARE/results/shelf/shared_context_llm_experiments/JSON/session_20260324_130956/mistral_7b/small_agv_heavy_4v2/json/summary.json
,,,,medium_balanced_4v4,0,70,0,0,,141.848517179,,0,200,Battery-TA-RWARE/results/shelf/shared_context_llm_experiments/JSON/session_20260324_130956/mistral_7b/medium_balanced_4v4/json/summary.json
,,,,medium_agv_heavy_6v2,0,72,0,0,,179.715654612,,0,200,Battery-TA-RWARE/results/shelf/shared_context_llm_experiments/JSON/session_20260324_130956/mistral_7b/medium_agv_heavy_6v2/json/summary.json
Shelf Deliveries,Shared,Json,gemma 12b,tiny_balanced_1v1,0,166,0,0,,796.142909288,,0,200,Battery-TA-RWARE/results/shelf/shared_context_llm_experiments/JSON/session_20260324_130956/gemma3_12b/tiny_balanced_1v1/json/summary.json
,,,,small_picker_heavy_2v4,0,131,0,0,,437.508366346,,0,200,Battery-TA-RWARE/results/shelf/shared_context_llm_experiments/JSON/session_20260324_130956/gemma3_12b/small_picker_heavy_2v4/json/summary.json
,,,,small_balanced_2v2,0,218,0,0,,859.461339235,,0,200,Battery-TA-RWARE/results/shelf/shared_context_llm_experiments/JSON/session_20260324_130956/gemma3_12b/small_balanced_2v2/json/summary.json
,,,,small_agv_heavy_4v2,0,140,0,0,,581.511517048,,0,200,Battery-TA-RWARE/results/shelf/shared_context_llm_experiments/JSON/session_20260324_130956/gemma3_12b/small_agv_heavy_4v2/json/summary.json
,,,,medium_balanced_4v4,0,254,0,0,,973.857121706,,0,200,Battery-TA-RWARE/results/shelf/shared_context_llm_experiments/JSON/session_20260324_130956/gemma3_12b/medium_balanced_4v4/json/summary.json
,,,,medium_agv_heavy_6v2,0,174,0,0,,820.646433353,,0,200,Battery-TA-RWARE/results/shelf/shared_context_llm_experiments/JSON/session_20260324_130956/gemma3_12b/medium_agv_heavy_6v2/json/summary.json
Shelf Deliveries,Shared,Json,phi4,tiny_balanced_1v1,0,286,0,0,,2151.77992368,,0,200,Battery-TA-RWARE/results/shelf/shared_context_llm_experiments/JSON/session_20260324_130956/phi4/tiny_balanced_1v1/json/summary.json
,,,,small_picker_heavy_2v4,0,404,0,0,,2768.1478982,,0,200,Battery-TA-RWARE/results/shelf/shared_context_llm_experiments/JSON/session_20260324_130956/phi4/small_picker_heavy_2v4/json/summary.json
,,,,small_balanced_2v2,0,324,0,0,,2157.49874043,,0,200,Battery-TA-RWARE/results/shelf/shared_context_llm_experiments/JSON/session_20260324_130956/phi4/small_balanced_2v2/json/summary.json
,,,,small_agv_heavy_4v2,0,390,0,0,,2726.52826238,,0,200,Battery-TA-RWARE/results/shelf/shared_context_llm_experiments/JSON/session_20260324_130956/phi4/small_agv_heavy_4v2/json/summary.json
,,,,medium_balanced_4v4,0,774,0,0,,5458.55851126,,0,200,Battery-TA-RWARE/results/shelf/shared_context_llm_experiments/JSON/session_20260324_130956/phi4/medium_balanced_4v4/json/summary.json
,,,,medium_agv_heavy_6v2,0,465,0,0,,3428.53660703,,0,200,Battery-TA-RWARE/results/shelf/shared_context_llm_experiments/JSON/session_20260324_130956/phi4/medium_agv_heavy_6v2/json/summary.json
Shelf Deliveries,Shared,Json,qwen 14b (2.5),tiny_balanced_1v1,0,292,0,0,,1061.30742741,,0,200,Battery-TA-RWARE/results/shelf/shared_context_llm_experiments/JSON/session_20260324_130956/qwen2.5_14b/tiny_balanced_1v1/json/summary.json
,,,,small_picker_heavy_2v4,0,157,0,0,,536.527375698,,0,200,Battery-TA-RWARE/results/shelf/shared_context_llm_experiments/JSON/session_20260324_130956/qwen2.5_14b/small_picker_heavy_2v4/json/summary.json
,,,,small_balanced_2v2,0,182,0,0,,894.571432829,,0,200,Battery-TA-RWARE/results/shelf/shared_context_llm_experiments/JSON/session_20260324_130956/qwen2.5_14b/small_balanced_2v2/json/summary.json
,,,,small_agv_heavy_4v2,0,69,0,0,,262.064704418,,0,200,Battery-TA-RWARE/results/shelf/shared_context_llm_experiments/JSON/session_20260324_130956/qwen2.5_14b/small_agv_heavy_4v2/json/summary.json
,,,,medium_balanced_4v4,0,273,0,0,,909.009046555,,0,200,Battery-TA-RWARE/results/shelf/shared_context_llm_experiments/JSON/session_20260324_130956/qwen2.5_14b/medium_balanced_4v4/json/summary.json
,,,,medium_agv_heavy_6v2,0,359,0,0,,1346.20966506,,0,200,Battery-TA-RWARE/results/shelf/shared_context_llm_experiments/JSON/session_20260324_130956/qwen2.5_14b/medium_agv_heavy_6v2/json/summary.json
Shelf Deliveries,Shared,Natural,llama 1b (3.2),tiny_balanced_1v1,0,122,NA,2,,798.503690004,153,1,353,Battery-TA-RWARE/results/shelf/shared_context_llm_experiments/natural/session_20260321_215949/llama3.2_1b/tiny_balanced_1v1/language/summary.json
,,,,small_picker_heavy_2v4,0,278,NA,3,,1638.63604212,174,1,374,Battery-TA-RWARE/results/shelf/shared_context_llm_experiments/natural/session_20260321_215949/llama3.2_1b/small_picker_heavy_2v4/language/summary.json
,,,,small_balanced_2v2,0,102,NA,1,,1094.4612546,,0,200,Battery-TA-RWARE/results/shelf/shared_context_llm_experiments/natural/session_20260321_215949/llama3.2_1b/small_balanced_2v2/language/summary.json
,,,,small_agv_heavy_4v2,0,260,NA,1,,924.396524906,141,1,341,Battery-TA-RWARE/results/shelf/shared_context_llm_experiments/natural/session_20260321_215949/llama3.2_1b/small_agv_heavy_4v2/language/summary.json
,,,,medium_balanced_4v4,0,177,NA,1,,516.832360744,,0,200,Battery-TA-RWARE/results/shelf/shared_context_llm_experiments/natural/session_20260321_215949/llama3.2_1b/medium_balanced_4v4/language/summary.json
,,,,medium_agv_heavy_6v2,0,142,NA,1,,583.328473806,,0,200,Battery-TA-RWARE/results/shelf/shared_context_llm_experiments/natural/session_20260321_215949/llama3.2_1b/medium_agv_heavy_6v2/language/summary.json
Shelf Deliveries,Shared,Natural,llama 3b (3.2),tiny_balanced_1v1,0,90,NA,0,,487.372583389,70,1,270,Battery-TA-RWARE/results/shelf/shared_context_llm_experiments/natural/session_20260321_215949/llama3.2_3b/tiny_balanced_1v1/language/summary.json
,,,,small_picker_heavy_2v4,0,159,NA,0,,588.034427643,,0,200,Battery-TA-RWARE/results/shelf/shared_context_llm_experiments/natural/session_20260321_215949/llama3.2_3b/small_picker_heavy_2v4/language/summary.json
,,,,small_balanced_2v2,0,224,NA,0,,1046.45277691,135,2,341,Battery-TA-RWARE/results/shelf/shared_context_llm_experiments/natural/session_20260321_215949/llama3.2_3b/small_balanced_2v2/language/summary.json
,,,,small_agv_heavy_4v2,0,355,NA,0,,1460.98703289,169,1,369,Battery-TA-RWARE/results/shelf/shared_context_llm_experiments/natural/session_20260321_215949/llama3.2_3b/small_agv_heavy_4v2/language/summary.json
,,,,medium_balanced_4v4,0,363,NA,0,,2282.14083052,151,2,416,Battery-TA-RWARE/results/shelf/shared_context_llm_experiments/natural/session_20260321_215949/llama3.2_3b/medium_balanced_4v4/language/summary.json
,,,,medium_agv_heavy_6v2,0,109,NA,0,,397.768898487,,0,200,Battery-TA-RWARE/results/shelf/shared_context_llm_experiments/natural/session_20260321_215949/llama3.2_3b/medium_agv_heavy_6v2/language/summary.json
Shelf Deliveries,Shared,Natural,mistral 7b,tiny_balanced_1v1,0,67,NA,0,,566.381749153,84,1,284,Battery-TA-RWARE/results/shelf/shared_context_llm_experiments/natural/session_20260321_215949/mistral_7b/tiny_balanced_1v1/language/summary.json
,,,,small_picker_heavy_2v4,0,353,NA,0,,3324.30512595,199,1,399,Battery-TA-RWARE/results/shelf/shared_context_llm_experiments/natural/session_20260321_215949/mistral_7b/small_picker_heavy_2v4/language/summary.json
,,,,small_balanced_2v2,0,283,NA,0,,2545.35112762,59,2,346,Battery-TA-RWARE/results/shelf/shared_context_llm_experiments/natural/session_20260321_215949/mistral_7b/small_balanced_2v2/language/summary.json
,,,,small_agv_heavy_4v2,0,125,NA,0,,1461.93030047,,0,200,Battery-TA-RWARE/results/shelf/shared_context_llm_experiments/natural/session_20260321_215949/mistral_7b/small_agv_heavy_4v2/language/summary.json
,,,,medium_balanced_4v4,0,323,NA,17,,6649.32896852,,0,200,Battery-TA-RWARE/results/shelf/shared_context_llm_experiments/natural/session_20260321_215949/mistral_7b/medium_balanced_4v4/language/summary.json
,,,,medium_agv_heavy_6v2,0,397,NA,31,,8983.11440253,,0,200,Battery-TA-RWARE/results/shelf/shared_context_llm_experiments/natural/session_20260321_215949/mistral_7b/medium_agv_heavy_6v2/language/summary.json
Shelf Deliveries,Shared,Natural,gemma 12b,tiny_balanced_1v1,0,147,NA,0,,355.687686205,83,1,283,Battery-TA-RWARE/results/shelf/shared_context_llm_experiments/natural/session_20260321_215949/gemma3_12b/tiny_balanced_1v1/language/summary.json
,,,,small_picker_heavy_2v4,0,343,NA,0,,708.870644093,,0,200,Battery-TA-RWARE/results/shelf/shared_context_llm_experiments/natural/session_20260321_215949/gemma3_12b/small_picker_heavy_2v4/language/summary.json
,,,,small_balanced_2v2,0,274,NA,0,,696.034386635,132,1,332,Battery-TA-RWARE/results/shelf/shared_context_llm_experiments/natural/session_20260321_215949/gemma3_12b/small_balanced_2v2/language/summary.json
,,,,small_agv_heavy_4v2,0,272,NA,0,,858.55447793,75,1,275,Battery-TA-RWARE/results/shelf/shared_context_llm_experiments/natural/session_20260321_215949/gemma3_12b/small_agv_heavy_4v2/language/summary.json
,,,,medium_balanced_4v4,0,369,NA,2,,998.727628231,,0,200,Battery-TA-RWARE/results/shelf/shared_context_llm_experiments/natural/session_20260321_215949/gemma3_12b/medium_balanced_4v4/language/summary.json
,,,,medium_agv_heavy_6v2,0,368,NA,1,,1099.43832469,,0,200,Battery-TA-RWARE/results/shelf/shared_context_llm_experiments/natural/session_20260321_215949/gemma3_12b/medium_agv_heavy_6v2/language/summary.json
Shelf Deliveries,Shared,Natural,phi4,tiny_balanced_1v1,0,151,NA,0,,1271.09845471,79,1,279,Battery-TA-RWARE/results/shelf/shared_context_llm_experiments/natural/session_20260321_215949/phi4/tiny_balanced_1v1/language/summary.json
,,,,small_picker_heavy_2v4,0,127,NA,0,,1019.81371045,,0,200,Battery-TA-RWARE/results/shelf/shared_context_llm_experiments/natural/session_20260321_215949/phi4/small_picker_heavy_2v4/language/summary.json
,,,,small_balanced_2v2,0,129,NA,0,,1091.91343093,,0,200,Battery-TA-RWARE/results/shelf/shared_context_llm_experiments/natural/session_20260321_215949/phi4/small_balanced_2v2/language/summary.json
,,,,small_agv_heavy_4v2,0,168,NA,0,,1525.12718582,,0,200,Battery-TA-RWARE/results/shelf/shared_context_llm_experiments/natural/session_20260321_215949/phi4/small_agv_heavy_4v2/language/summary.json
,,,,medium_balanced_4v4,0,345,NA,0,,2983.63173342,,0,200,Battery-TA-RWARE/results/shelf/shared_context_llm_experiments/natural/session_20260321_215949/phi4/medium_balanced_4v4/language/summary.json
,,,,medium_agv_heavy_6v2,0,353,NA,0,,3236.72601128,115,1,315,Battery-TA-RWARE/results/shelf/shared_context_llm_experiments/natural/session_20260321_215949/phi4/medium_agv_heavy_6v2/language/summary.json
Shelf Deliveries,Shared,Natural,qwen 14b (2.5),tiny_balanced_1v1,0,163,NA,0,,310.160721779,78,1,278,Battery-TA-RWARE/results/shelf/shared_context_llm_experiments/natural/session_20260321_215949/qwen2.5_14b/tiny_balanced_1v1/language/summary.json
,,,,small_picker_heavy_2v4,0,187,NA,0,,462.689125061,,0,200,Battery-TA-RWARE/results/shelf/shared_context_llm_experiments/natural/session_20260321_215949/qwen2.5_14b/small_picker_heavy_2v4/language/summary.json
,,,,small_balanced_2v2,0,207,NA,0,,588.673070431,71,1,271,Battery-TA-RWARE/results/shelf/shared_context_llm_experiments/natural/session_20260321_215949/qwen2.5_14b/small_balanced_2v2/language/summary.json
,,,,small_agv_heavy_4v2,0,361,NA,1,,1272.1483295,93,2,373,Battery-TA-RWARE/results/shelf/shared_context_llm_experiments/natural/session_20260321_215949/qwen2.5_14b/small_agv_heavy_4v2/language/summary.json
,,,,medium_balanced_4v4,0,166,NA,0,,660.415882826,,0,200,Battery-TA-RWARE/results/shelf/shared_context_llm_experiments/natural/session_20260321_215949/qwen2.5_14b/medium_balanced_4v4/language/summary.json
,,,,medium_agv_heavy_6v2,0,427,NA,1,,1849.97412467,157,3,488,Battery-TA-RWARE/results/shelf/shared_context_llm_experiments/natural/session_20260321_215949/qwen2.5_14b/medium_agv_heavy_6v2/language/summary.json
Battery,Centralized,Natural,gemma 12b,tiny_balanced_1v1,0,1136,NA,0,0.191304347826,14263.2819526,111,6,1495,Battery-TA-RWARE/results/battery/centralized/natural/session_cps_20260524/gemma3_12b/tiny_balanced_1v1/language/summary.json
,,,,small_picker_heavy_2v4,0,494,NA,834,0.177666666667,12288.6689072,,0,500,Battery-TA-RWARE/results/battery/centralized/natural/session_cps_20260524/gemma3_12b/small_picker_heavy_2v4/language/summary.json
,,,,small_balanced_2v2,0,1094,NA,10,0.144182389937,18919.9043648,167,10,1590,Battery-TA-RWARE/results/battery/centralized/natural/session_cps_20260524/gemma3_12b/small_balanced_2v2/language/summary.json
,,,,small_agv_heavy_4v2,0,697,NA,111,0.0984960552268,12591.5819538,31,9,1352,Battery-TA-RWARE/results/battery/centralized/natural/session_cps_20260524/gemma3_12b/small_agv_heavy_4v2/language/summary.json
,,,,medium_balanced_4v4,0,951,NA,181,0.12474507138,18015.9587958,59,8,1471,Battery-TA-RWARE/results/battery/centralized/natural/session_cps_20260524/gemma3_12b/medium_balanced_4v4/language/summary.json
,,,,medium_agv_heavy_6v2,0,622,NA,77,0.0726888667992,10817.3338346,76,4,1006,Battery-TA-RWARE/results/battery/centralized/natural/session_cps_20260524/gemma3_12b/medium_agv_heavy_6v2/language/summary.json
Battery,Centralized,Natural,phi4,tiny_balanced_1v1,0,500,NA,1000,0,30083.4243908,,0,500,Battery-TA-RWARE/results/battery/centralized/natural/session_cps_20260524/phi4/tiny_balanced_1v1/language/summary.json
,,,,small_picker_heavy_2v4,0,500,NA,3000,0,30169.5493388,,0,500,Battery-TA-RWARE/results/battery/centralized/natural/session_cps_20260524/phi4/small_picker_heavy_2v4/language/summary.json
,,,,small_balanced_2v2,0,500,NA,2000,0,30133.4025991,,0,500,Battery-TA-RWARE/results/battery/centralized/natural/session_cps_20260524/phi4/small_balanced_2v2/language/summary.json
,,,,small_agv_heavy_4v2,0,500,NA,3000,0,30161.9431639,,0,500,Battery-TA-RWARE/results/battery/centralized/natural/session_cps_20260524/phi4/small_agv_heavy_4v2/language/summary.json
,,,,medium_balanced_4v4,0,500,NA,4000,0,30311.7950375,,0,500,Battery-TA-RWARE/results/battery/centralized/natural/session_cps_20260524/phi4/medium_balanced_4v4/language/summary.json
,,,,medium_agv_heavy_6v2,0,500,NA,4000,0,30284.3078854,,0,500,Battery-TA-RWARE/results/battery/centralized/natural/session_cps_20260524/phi4/medium_agv_heavy_6v2/language/summary.json
Battery,Shared,Natural,llama 1b (3.2),tiny_balanced_1v1,100,952,NA,0,0.158875552748,402.527227879,32,7,1583,Battery-TA-RWARE/results/battery/shared/natural/session_cps_20260534/llama3.2_1b/tiny_balanced_1v1/language/summary.json
,,,,small_picker_heavy_2v4,100,2290,NA,0,0.430697674419,1234.78653669,41,7,1075,Battery-TA-RWARE/results/battery/shared/natural/session_cps_20260533/llama3.2_1b/small_picker_heavy_2v4/language/summary.json
,,,,small_balanced_2v2,100,2284,NA,0,0.157293713163,1408.91341949,45,14,2036,Battery-TA-RWARE/results/battery/shared/natural/session_cps_20260523/llama3.2_1b/small_balanced_2v2/language/summary.json
,,,,small_agv_heavy_4v2,100,3353,NA,0,0.138100245356,2348.760957,38,19,1902,Battery-TA-RWARE/results/battery/shared/natural/session_cps_20260534/llama3.2_1b/small_agv_heavy_4v2/language/summary.json
,,,,medium_balanced_4v4,100,4051,NA,0,0.0552567661346,5833.5986917,41,15,1441,Battery-TA-RWARE/results/battery/shared/natural/session_cps_20260523/llama3.2_1b/medium_balanced_4v4/language/summary.json
,,,,medium_agv_heavy_6v2,0,2819,NA,0,0.0606851179673,3360.71352363,45,8,1102,Battery-TA-RWARE/results/battery/shared/natural/session_cps_20260521/llama3.2_1b/medium_agv_heavy_6v2/language/summary.json
Battery,Shared,Natural,llama 3b (3.2),tiny_balanced_1v1,0,1493,NA,0,0.142668078348,2496.37496638,37,20,1889,Battery-TA-RWARE/results/battery/shared/natural/session_cps_20260521/llama3.2_3b/tiny_balanced_1v1/language/summary.json
,,,,small_picker_heavy_2v4,100,5370,NA,0,0.191176470588,10677.0254676,43,20,2176,Battery-TA-RWARE/results/battery/shared/natural/session_cps_20260533/llama3.2_3b/small_picker_heavy_2v4/language/summary.json
,,,,small_balanced_2v2,100,3616,NA,0,0.21511627907,6838.89429808,198,14,2494,Battery-TA-RWARE/results/battery/shared/natural/session_cps_20260533/llama3.2_3b/small_balanced_2v2/language/summary.json
,,,,small_agv_heavy_4v2,100,2733,NA,0,0.128098022835,5778.18440199,45,20,1197,Battery-TA-RWARE/results/battery/shared/natural/session_cps_20260533/llama3.2_3b/small_agv_heavy_4v2/language/summary.json
,,,,medium_balanced_4v4,0,3659,NA,0,0.112903225806,10518.7017999,49,20,1333,Battery-TA-RWARE/results/battery/shared/natural/session_cps_20260521/llama3.2_3b/medium_balanced_4v4/language/summary.json
,,,,medium_agv_heavy_6v2,100,2948,NA,0,0.130349686848,7851.51379848,60,20,958,Battery-TA-RWARE/results/battery/shared/natural/session_cps_20260533/llama3.2_3b/medium_agv_heavy_6v2/language/summary.json
Battery,Shared,Natural,mistral 7b,tiny_balanced_1v1,100,1328,NA,0,0.244195688226,1331.35572004,170,9,1206,Battery-TA-RWARE/results/battery/shared/natural/session_cps_20260523/mistral_7b/tiny_balanced_1v1/language/summary.json
,,,,small_picker_heavy_2v4,100,3568,NA,1,0.228533094812,5612.41795492,43,7,1118,Battery-TA-RWARE/results/battery/shared/natural/session_cps_20260534/mistral_7b/small_picker_heavy_2v4/language/summary.json
,,,,small_balanced_2v2,100,2942,NA,1,0.220016207455,4426.53639555,57,13,1851,Battery-TA-RWARE/results/battery/shared/natural/session_cps_20260534/mistral_7b/small_balanced_2v2/language/summary.json
,,,,small_agv_heavy_4v2,0,2114,NA,0,0.12696306127,3970.49666476,41,18,1507,Battery-TA-RWARE/results/battery/shared/natural/session_cps_20260521/mistral_7b/small_agv_heavy_4v2/language/summary.json
,,,,medium_balanced_4v4,0,2851,NA,1,0.129578754579,7544.77281618,46,16,1911,Battery-TA-RWARE/results/battery/shared/natural/session_cps_20260521/mistral_7b/medium_balanced_4v4/language/summary.json
,,,,medium_agv_heavy_6v2,100,2366,NA,0,0.0850840336134,5483.51698041,37,17,1071,Battery-TA-RWARE/results/battery/shared/natural/session_cps_20260534/mistral_7b/medium_agv_heavy_6v2/language/summary.json
Battery,Shared,Natural,gemma 12b,tiny_balanced_1v1,100,1357,NA,0,0.107711138311,3114.20164728,76,15,1634,Battery-TA-RWARE/results/battery/shared/natural/session_cps_20260534/gemma3_12b/tiny_balanced_1v1/language/summary.json
,,,,small_picker_heavy_2v4,0,934,NA,0,0.14897039897,2821.08772469,24,4,1036,Battery-TA-RWARE/results/battery/shared/natural/session_cps_20260521/gemma3_12b/small_picker_heavy_2v4/language/summary.json
,,,,small_balanced_2v2,0,161,NA,0,0.1025,461.788787365,,0,500,Battery-TA-RWARE/results/battery/shared/natural/session_cps_20260521/gemma3_12b/small_balanced_2v2/language/summary.json
,,,,small_agv_heavy_4v2,0,1103,NA,0,0.0808148645623,3480.11308551,41,9,1489,Battery-TA-RWARE/results/battery/shared/natural/session_cps_20260521/gemma3_12b/small_agv_heavy_4v2/language/summary.json
,,,,medium_balanced_4v4,0,1189,NA,0,0.117583436341,4737.10631418,46,6,809,Battery-TA-RWARE/results/battery/shared/natural/session_cps_20260521/gemma3_12b/medium_balanced_4v4/language/summary.json
,,,,medium_agv_heavy_6v2,0,835,NA,0,0.0642744479495,3436.20307899,40,6,951,Battery-TA-RWARE/results/battery/shared/natural/session_cps_20260521/gemma3_12b/medium_agv_heavy_6v2/language/summary.json
Battery,Shared,Natural,phi4,tiny_balanced_1v1,0,95,NA,0,0.119626168224,404.219730616,35,1,535,Battery-TA-RWARE/results/battery/shared/natural/session_cps_20260521/phi4/tiny_balanced_1v1/language/summary.json
,,,,small_picker_heavy_2v4,0,2167,NA,0,0.169797979798,12284.0227804,24,12,1650,Battery-TA-RWARE/results/battery/shared/natural/session_cps_20260521/phi4/small_picker_heavy_2v4/language/summary.json
,,,,small_balanced_2v2,0,207,NA,0,0.10708041958,1125.11981416,72,1,572,Battery-TA-RWARE/results/battery/shared/natural/session_cps_20260521/phi4/small_balanced_2v2/language/summary.json
,,,,small_agv_heavy_4v2,0,1084,NA,0,0.0860453648915,7388.73460054,41,10,1352,Battery-TA-RWARE/results/battery/shared/natural/session_cps_20260521/phi4/small_agv_heavy_4v2/language/summary.json
,,,,medium_balanced_4v4,0,1158,NA,0,0.16393442623,9276.23914027,46,4,610,Battery-TA-RWARE/results/battery/shared/natural/session_cps_20260521/phi4/medium_balanced_4v4/language/summary.json
,,,,medium_agv_heavy_6v2,0,391,NA,0,0.0658623417722,2852.35229921,32,4,632,Battery-TA-RWARE/results/battery/shared/natural/session_cps_20260521/phi4/medium_agv_heavy_6v2/language/summary.json
Battery,Shared,Natural,qwen 14b (2.5),tiny_balanced_1v1,0,182,NA,0,0.092523364486,364.649878025,35,1,535,Battery-TA-RWARE/results/battery/shared/natural/session_cps_20260521/qwen2.5_14b/tiny_balanced_1v1/language/summary.json
,,,,small_picker_heavy_2v4,0,2114,NA,0,0.133245382586,5450.19249749,24,9,1137,Battery-TA-RWARE/results/battery/shared/natural/session_cps_20260521/qwen2.5_14b/small_picker_heavy_2v4/language/summary.json
,,,,small_balanced_2v2,0,399,NA,0,0.10483014862,1005.14129567,72,2,942,Battery-TA-RWARE/results/battery/shared/natural/session_cps_20260521/qwen2.5_14b/small_balanced_2v2/language/summary.json
,,,,small_agv_heavy_4v2,0,1801,NA,0,0.0573166826769,4848.58894753,41,9,1041,Battery-TA-RWARE/results/battery/shared/natural/session_cps_20260521/qwen2.5_14b/small_agv_heavy_4v2/language/summary.json
,,,,medium_balanced_4v4,0,1362,NA,0,0.148612593383,4947.01760244,49,5,937,Battery-TA-RWARE/results/battery/shared/natural/session_cps_20260521/qwen2.5_14b/medium_balanced_4v4/language/summary.json
,,,,medium_agv_heavy_6v2,0,614,NA,0,0.06852248394,2319.5971036,32,5,934,Battery-TA-RWARE/results/battery/shared/natural/session_cps_20260521/qwen2.5_14b/medium_agv_heavy_6v2/language/summary.json
Battery + Shelf,Centralized,Json,llama 1b (3.2),tiny_balanced_1v1,0,260,34,0,0,972.804250002,,0,500,Battery-TA-RWARE/results/shelf/centralized/json/session_cps_20260618/llama3.2_1b/tiny_balanced_1v1/json/summary.json
,,,,small_picker_heavy_2v4,0,491,0,0,0,2639.14088011,,0,500,Battery-TA-RWARE/results/shelf/centralized/json/session_cps_20260618/llama3.2_1b/small_picker_heavy_2v4/json/summary.json
,,,,small_balanced_2v2,0,298,76,204,0,909.102766991,,0,500,Battery-TA-RWARE/results/shelf/centralized/json/session_cps_20260618/llama3.2_1b/small_balanced_2v2/json/summary.json
,,,,small_agv_heavy_4v2,0,405,88,140,0.00133333333333,1528.05666876,,0,500,Battery-TA-RWARE/results/shelf/centralized/json/session_cps_20260618/llama3.2_1b/small_agv_heavy_4v2/json/summary.json
,,,,medium_balanced_4v4,0,300,26,71,0.0115,1671.70819473,,0,500,Battery-TA-RWARE/results/shelf/centralized/json/session_cps_20260618/llama3.2_1b/medium_balanced_4v4/json/summary.json
,,,,medium_agv_heavy_6v2,0,368,91,185,0.0375,1750.29891968,,0,500,Battery-TA-RWARE/results/shelf/centralized/json/session_cps_20260618/llama3.2_1b/medium_agv_heavy_6v2/json/summary.json
Battery + Shelf,Centralized,Json,llama 3b (3.2),tiny_balanced_1v1,0,146,0,0,0.117,663.840190649,,0,500,Battery-TA-RWARE/results/shelf/centralized/json/session_cps_20260618/llama3.2_3b/tiny_balanced_1v1/json/summary.json
,,,,small_picker_heavy_2v4,0,1282,7,505,0.181555555556,10783.7704554,161,5,1500,Battery-TA-RWARE/results/shelf/centralized/json/session_cps_20260618/llama3.2_3b/small_picker_heavy_2v4/json/summary.json
,,,,small_balanced_2v2,0,349,0,56,0.1235,2160.85673261,,0,500,Battery-TA-RWARE/results/shelf/centralized/json/session_cps_20260618/llama3.2_3b/small_balanced_2v2/json/summary.json
,,,,small_agv_heavy_4v2,0,384,2,114,0.155333333333,2813.36717176,,0,500,Battery-TA-RWARE/results/shelf/centralized/json/session_cps_20260618/llama3.2_3b/small_agv_heavy_4v2/json/summary.json
,,,,medium_balanced_4v4,0,976,7,271,0.174165120594,11447.6114104,108,4,1078,Battery-TA-RWARE/results/shelf/centralized/json/session_cps_20260618/llama3.2_3b/medium_balanced_4v4/json/summary.json
,,,,medium_agv_heavy_6v2,0,616,0,215,0.16087962963,5278.67874432,256,1,756,Battery-TA-RWARE/results/shelf/centralized/json/session_cps_20260618/llama3.2_3b/medium_agv_heavy_6v2/json/summary.json
Battery + Shelf,Centralized,Json,mistral 7b,tiny_balanced_1v1,0,775,2,1,0.15811965812,2066.1480422,54,9,1989,Battery-TA-RWARE/results/shelf/centralized/json/session_cps_20260618/mistral_7b/tiny_balanced_1v1/json/summary.json
,,,,small_picker_heavy_2v4,0,2585,1,25,0.205268389662,12036.8783948,71,15,3018,Battery-TA-RWARE/results/shelf/centralized/json/session_cps_20260618/mistral_7b/small_picker_heavy_2v4/json/summary.json
,,,,small_balanced_2v2,0,172,0,0,0.102,509.600653887,,0,500,Battery-TA-RWARE/results/shelf/centralized/json/session_cps_20260618/mistral_7b/small_balanced_2v2/json/summary.json
,,,,small_agv_heavy_4v2,0,1463,0,5,0.103741496599,5583.53348255,38,16,2254,Battery-TA-RWARE/results/shelf/centralized/json/session_cps_20260618/mistral_7b/small_agv_heavy_4v2/json/summary.json
,,,,medium_balanced_4v4,0,1295,3,24,0.164343683839,8965.84096479,52,8,1417,Battery-TA-RWARE/results/shelf/centralized/json/session_cps_20260618/mistral_7b/medium_balanced_4v4/json/summary.json
,,,,medium_agv_heavy_6v2,0,1758,1,24,0.0853302456706,8247.30260348,30,14,2483,Battery-TA-RWARE/results/shelf/centralized/json/session_cps_20260618/mistral_7b/medium_agv_heavy_6v2/json/summary.json
Battery + Shelf,Centralized,Natural,llama 1b (3.2),tiny_balanced_1v1,0,417,NA,2,0.019,1054.63310146,,0,500,Battery-TA-RWARE/results/shelf/centralized/natural/session_cps_20260617/llama3.2_1b/tiny_balanced_1v1/language/summary.json
,,,,small_picker_heavy_2v4,0,424,NA,329,0.178,674.462373257,,0,500,Battery-TA-RWARE/results/shelf/centralized/natural/session_cps_20260617/llama3.2_1b/small_picker_heavy_2v4/language/summary.json
,,,,small_balanced_2v2,0,358,NA,254,0.0845,493.936107159,,0,500,Battery-TA-RWARE/results/shelf/centralized/natural/session_cps_20260617/llama3.2_1b/small_balanced_2v2/language/summary.json
,,,,small_agv_heavy_4v2,0,409,NA,268,0.126333333333,631.144761324,,0,500,Battery-TA-RWARE/results/shelf/centralized/natural/session_cps_20260617/llama3.2_1b/small_agv_heavy_4v2/language/summary.json
,,,,medium_balanced_4v4,0,689,NA,548,0.182391008174,1301.84705496,234,1,734,Battery-TA-RWARE/results/shelf/centralized/natural/session_cps_20260617/llama3.2_1b/medium_balanced_4v4/language/summary.json
,,,,medium_agv_heavy_6v2,0,422,NA,289,0.06775,740.495167494,,0,500,Battery-TA-RWARE/results/shelf/centralized/natural/session_cps_20260617/llama3.2_1b/medium_agv_heavy_6v2/language/summary.json
Battery + Shelf,Centralized,Natural,llama 3b (3.2),tiny_balanced_1v1,0,295,NA,21,0.182,1943.90173554,,0,500,Battery-TA-RWARE/results/shelf/centralized/natural/session_cps_20260617/llama3.2_3b/tiny_balanced_1v1/language/summary.json
,,,,small_picker_heavy_2v4,0,445,NA,475,0.351666666667,3837.24883842,,0,500,Battery-TA-RWARE/results/shelf/centralized/natural/session_cps_20260617/llama3.2_3b/small_picker_heavy_2v4/language/summary.json
,,,,small_balanced_2v2,0,271,NA,56,0.129,1654.15617371,,0,500,Battery-TA-RWARE/results/shelf/centralized/natural/session_cps_20260617/llama3.2_3b/small_balanced_2v2/language/summary.json
,,,,small_agv_heavy_4v2,0,1758,NA,671,0.147723869422,11450.0588758,164,20,2226,Battery-TA-RWARE/results/shelf/centralized/natural/session_cps_20260617/llama3.2_3b/small_agv_heavy_4v2/language/summary.json
,,,,medium_balanced_4v4,0,1989,NA,1437,0.174899598394,15927.1483929,109,20,2490,Battery-TA-RWARE/results/shelf/centralized/natural/session_cps_20260617/llama3.2_3b/medium_balanced_4v4/language/summary.json
,,,,medium_agv_heavy_6v2,0,1299,NA,405,0.104016940452,8700.79621458,32,20,1948,Battery-TA-RWARE/results/shelf/centralized/natural/session_cps_20260617/llama3.2_3b/medium_agv_heavy_6v2/language/summary.json
Battery + Shelf,Centralized,Natural,mistral 7b,tiny_balanced_1v1,0,1706,NA,512,0.202559576346,4942.2343173,326,11,3399,Battery-TA-RWARE/results/shelf/centralized/natural/session_cps_20260617/mistral_7b/tiny_balanced_1v1/language/summary.json
,,,,small_picker_heavy_2v4,0,1652,NA,1229,0.275925925926,8512.42551255,84,7,1890,Battery-TA-RWARE/results/shelf/centralized/natural/session_cps_20260617/mistral_7b/small_picker_heavy_2v4/language/summary.json
,,,,small_balanced_2v2,0,829,NA,639,0.200256191289,2931.73224783,91,4,1171,Battery-TA-RWARE/results/shelf/centralized/natural/session_cps_20260617/mistral_7b/small_balanced_2v2/language/summary.json
,,,,small_agv_heavy_4v2,0,693,NA,371,0.134443541836,2874.89664555,58,7,1231,Battery-TA-RWARE/results/shelf/centralized/natural/session_cps_20260617/mistral_7b/small_agv_heavy_4v2/language/summary.json
,,,,medium_balanced_4v4,0,1205,NA,779,0.202822311289,6418.67001748,169,7,1497,Battery-TA-RWARE/results/shelf/centralized/natural/session_cps_20260617/mistral_7b/medium_balanced_4v4/language/summary.json
,,,,medium_agv_heavy_6v2,0,1232,NA,775,0.0975529100529,5538.48381305,65,13,2268,Battery-TA-RWARE/results/shelf/centralized/natural/session_cps_20260617/mistral_7b/medium_agv_heavy_6v2/language/summary.json
Battery + Shelf,Shared,Json,llama 1b (3.2),tiny_balanced_1v1,0,592,0,0,0.00505902192243,632.258664131,93,1,593,Battery-TA-RWARE/results/shelf/shared_context/json/session_cps_20260618/llama3.2_1b/tiny_balanced_1v1/json/summary.json
,,,,small_picker_heavy_2v4,0,1954,0,0,0.0727757277573,2588.83282638,23,3,813,Battery-TA-RWARE/results/shelf/shared_context/json/session_cps_20260618/llama3.2_1b/small_picker_heavy_2v4/json/summary.json
,,,,small_balanced_2v2,0,1312,0,0,0.0213709677419,1683.77764773,46,3,620,Battery-TA-RWARE/results/shelf/shared_context/json/session_cps_20260618/llama3.2_1b/small_balanced_2v2/json/summary.json
,,,,small_agv_heavy_4v2,0,3646,0,0,0.0383432212701,4254.4590168,24,5,1517,Battery-TA-RWARE/results/shelf/shared_context/json/session_cps_20260618/llama3.2_1b/small_agv_heavy_4v2/json/summary.json
,,,,medium_balanced_4v4,0,1333,0,0,0.00710702341137,2037.28613877,66,3,598,Battery-TA-RWARE/results/shelf/shared_context/json/session_cps_20260618/llama3.2_1b/medium_balanced_4v4/json/summary.json
,,,,medium_agv_heavy_6v2,0,2341,0,0,0.00357142857143,3449.40560937,29,3,595,Battery-TA-RWARE/results/shelf/shared_context/json/session_cps_20260618/llama3.2_1b/medium_agv_heavy_6v2/json/summary.json
Battery + Shelf,Shared,Json,llama 3b (3.2),tiny_balanced_1v1,0,329,0,0,0.11452991453,1031.5107913,35,2,585,Battery-TA-RWARE/results/shelf/shared_context/json/session_cps_20260618/llama3.2_3b/tiny_balanced_1v1/json/summary.json
,,,,small_picker_heavy_2v4,0,6167,0,0,0.16881136212,21981.7029741,34,17,3497,Battery-TA-RWARE/results/shelf/shared_context/json/session_cps_20260618/llama3.2_3b/small_picker_heavy_2v4/json/summary.json
,,,,small_balanced_2v2,0,426,0,0,0.0885689354276,1495.95685792,39,2,573,Battery-TA-RWARE/results/shelf/shared_context/json/session_cps_20260618/llama3.2_3b/small_balanced_2v2/json/summary.json
,,,,small_agv_heavy_4v2,0,3161,0,0,0.111579088113,11940.8189375,58,10,2493,Battery-TA-RWARE/results/shelf/shared_context/json/session_cps_20260618/llama3.2_3b/small_agv_heavy_4v2/json/summary.json
,,,,medium_balanced_4v4,0,2717,0,0,0.146179039301,12210.8362787,46,7,1145,Battery-TA-RWARE/results/shelf/shared_context/json/session_cps_20260618/llama3.2_3b/medium_balanced_4v4/json/summary.json
,,,,medium_agv_heavy_6v2,0,848,0,0,0.0644003378378,4176.18474245,40,3,592,Battery-TA-RWARE/results/shelf/shared_context/json/session_cps_20260618/llama3.2_3b/medium_agv_heavy_6v2/json/summary.json
Battery + Shelf,Shared,Json,mistral 7b,tiny_balanced_1v1,0,243,0,1,0.0758426966292,428.785202265,34,1,534,Battery-TA-RWARE/results/shelf/shared_context/json/session_cps_20260618/mistral_7b/tiny_balanced_1v1/json/summary.json
,,,,small_picker_heavy_2v4,0,2166,0,28,0.446808510638,4310.32383299,24,4,705,Battery-TA-RWARE/results/shelf/shared_context/json/session_cps_20260618/mistral_7b/small_picker_heavy_2v4/json/summary.json
,,,,small_balanced_2v2,0,139,0,0,0.094,330.54473424,,0,500,Battery-TA-RWARE/results/shelf/shared_context/json/session_cps_20260618/mistral_7b/small_balanced_2v2/json/summary.json
,,,,small_agv_heavy_4v2,0,990,0,0,0.146756978654,2773.81998849,41,6,812,Battery-TA-RWARE/results/shelf/shared_context/json/session_cps_20260618/mistral_7b/small_agv_heavy_4v2/json/summary.json
,,,,medium_balanced_4v4,0,1224,0,7,0.123210023866,4329.18594337,46,7,838,Battery-TA-RWARE/results/shelf/shared_context/json/session_cps_20260618/mistral_7b/medium_balanced_4v4/json/summary.json
,,,,medium_agv_heavy_6v2,0,608,0,3,0.0756622516556,2338.45288014,39,5,755,Battery-TA-RWARE/results/shelf/shared_context/json/session_cps_20260618/mistral_7b/medium_agv_heavy_6v2/json/summary.json
Battery + Shelf,Shared,Json,gemma 12b,tiny_balanced_1v1,0,1687,0,0,0.0843220338983,5413.00906515,35,6,1180,Battery-TA-RWARE/results/shelf/shared_context/json/session_cps_20260618/gemma3_12b/tiny_balanced_1v1/json/summary.json
,,,,small_picker_heavy_2v4,0,2021,0,0,0.322333333333,6094.14487839,,0,500,Battery-TA-RWARE/results/shelf/shared_context/json/session_cps_20260618/gemma3_12b/small_picker_heavy_2v4/json/summary.json
,,,,small_balanced_2v2,0,289,0,0,0.107200647249,1063.37766528,118,1,618,Battery-TA-RWARE/results/shelf/shared_context/json/session_cps_20260618/gemma3_12b/small_balanced_2v2/json/summary.json
,,,,small_agv_heavy_4v2,0,1364,0,0,0.108704372242,5299.08529639,84,6,831,Battery-TA-RWARE/results/shelf/shared_context/json/session_cps_20260618/gemma3_12b/small_agv_heavy_4v2/json/summary.json
,,,,medium_balanced_4v4,0,4953,0,0,0.136752136752,19239.3200991,168,2,1053,Battery-TA-RWARE/results/shelf/shared_context/json/session_cps_20260618/gemma3_12b/medium_balanced_4v4/json/summary.json
,,,,medium_agv_heavy_6v2,0,2812,0,0,0.162275064267,10330.5377862,278,1,778,Battery-TA-RWARE/results/shelf/shared_context/json/session_cps_20260618/gemma3_12b/medium_agv_heavy_6v2/json/summary.json
Battery + Shelf,Shared,Natural,llama 1b (3.2),tiny_balanced_1v1,0,519,NA,0,0.497237569061,203.707727909,61,3,724,Battery-TA-RWARE/results/shelf/shared_context/natural/session_cps_20260618/llama3.2_1b/tiny_balanced_1v1/language/summary.json
,,,,small_picker_heavy_2v4,0,1501,NA,0,0.588333333333,780.616829634,92,2,600,Battery-TA-RWARE/results/shelf/shared_context/natural/session_cps_20260618/llama3.2_1b/small_picker_heavy_2v4/language/summary.json
,,,,small_balanced_2v2,0,302,NA,0,0.0985,239.098882914,,0,500,Battery-TA-RWARE/results/shelf/shared_context/natural/session_cps_20260618/llama3.2_1b/small_balanced_2v2/language/summary.json
,,,,small_agv_heavy_4v2,0,1193,NA,0,0.164307381193,829.058491945,75,8,989,Battery-TA-RWARE/results/shelf/shared_context/natural/session_cps_20260618/llama3.2_1b/small_agv_heavy_4v2/language/summary.json
,,,,medium_balanced_4v4,0,2183,NA,0,0.0174278846154,4342.59477544,42,8,832,Battery-TA-RWARE/results/shelf/shared_context/natural/session_cps_20260618/llama3.2_1b/medium_balanced_4v4/language/summary.json
,,,,medium_agv_heavy_6v2,0,2724,NA,0,0.241071428571,2852.63138485,75,9,910,Battery-TA-RWARE/results/shelf/shared_context/natural/session_cps_20260618/llama3.2_1b/medium_agv_heavy_6v2/language/summary.json
Battery + Shelf,Shared,Natural,llama 3b (3.2),tiny_balanced_1v1,0,608,NA,0,0.14691943128,949.754647255,37,2,633,Battery-TA-RWARE/results/shelf/shared_context/natural/session_cps_20260618/llama3.2_3b/tiny_balanced_1v1/language/summary.json
,,,,small_picker_heavy_2v4,0,5124,NA,0,0.15605875153,10955.8553982,213,18,2451,Battery-TA-RWARE/results/shelf/shared_context/natural/session_cps_20260618/llama3.2_3b/small_picker_heavy_2v4/language/summary.json
,,,,small_balanced_2v2,0,3149,NA,0,0.183110367893,6082.92866135,70,18,2691,Battery-TA-RWARE/results/shelf/shared_context/natural/session_cps_20260618/llama3.2_3b/small_balanced_2v2/language/summary.json
,,,,small_agv_heavy_4v2,0,2361,NA,0,0.136778563015,5052.74680114,31,20,1132,Battery-TA-RWARE/results/shelf/shared_context/natural/session_cps_20260618/llama3.2_3b/small_agv_heavy_4v2/language/summary.json
,,,,medium_balanced_4v4,0,4317,NA,0,0.144495412844,12397.2960868,113,20,1526,Battery-TA-RWARE/results/shelf/shared_context/natural/session_cps_20260618/llama3.2_3b/medium_balanced_4v4/language/summary.json
,,,,medium_agv_heavy_6v2,0,2767,NA,0,0.0968804920914,7524.4405458,45,20,1138,Battery-TA-RWARE/results/shelf/shared_context/natural/session_cps_20260618/llama3.2_3b/medium_agv_heavy_6v2/language/summary.json
Battery + Shelf,Shared,Natural,mistral 7b,tiny_balanced_1v1,0,795,NA,349,0.355354659249,27629.124218,40,3,719,Battery-TA-RWARE/results/shelf/shared_context/natural/session_cps_20260618/mistral_7b/tiny_balanced_1v1/language/summary.json
Battery + Shelf,Shared,Natural,gemma 12b,tiny_balanced_1v1,0,1199,NA,0,0.117952928298,2818.30163956,35,15,1827,Battery-TA-RWARE/results/shelf/shared_context/natural/session_cps_20260618/gemma3_12b/tiny_balanced_1v1/language/summary.json
,,,,small_picker_heavy_2v4,0,877,NA,0,0.141836370132,2695.13920021,24,6,933,Battery-TA-RWARE/results/shelf/shared_context/natural/session_cps_20260618/gemma3_12b/small_picker_heavy_2v4/language/summary.json
,,,,small_balanced_2v2,0,133,NA,0,0.1,386.740194321,,0,500,Battery-TA-RWARE/results/shelf/shared_context/natural/session_cps_20260618/gemma3_12b/small_balanced_2v2/language/summary.json
,,,,small_agv_heavy_4v2,0,1618,NA,0,0.0850195243166,5263.19397974,41,14,1878,Battery-TA-RWARE/results/shelf/shared_context/natural/session_cps_20260618/gemma3_12b/small_agv_heavy_4v2/language/summary.json
,,,,medium_balanced_4v4,0,901,NA,0,0.116264559068,3626.49573016,46,4,601,Battery-TA-RWARE/results/shelf/shared_context/natural/session_cps_20260618/gemma3_12b/medium_balanced_4v4/language/summary.json
,,,,medium_agv_heavy_6v2,0,1285,NA,0,0.104935194417,4537.12320924,40,9,1003,Battery-TA-RWARE/results/shelf/shared_context/natural/session_cps_20260618/gemma3_12b/medium_agv_heavy_6v2/language/summary.json
